ImageN,Time (h),ZT,SDtoLD,SDtoLD,SDtoLD,SDtoLD,SDtoLD,SDtoLD,SDtoLD,SDtoLD,SDtoLD,SDtoLD,SDtoLD,SDtoLD,SDtoLD,SDtoLD,SDtoLD,SDtoLD,SDtoLD,SDtoLD,SDtoLD,SDtoLD,SDtoLD,SDtoLD,SDtoLD,SDtoLD,SDtoLD,SDtoLD,SDtoLD,SDtoLD,SDtoLD,SDtoLD,SDtoLD,SDtoLD,SDtoLD,SD,SD,SD,SD,SD,SD,SD,SD,SD,SD,SD,SD,SD,SD,SD,SD,SD,SD,SD,SD,SD,SD,SD,SD,SD,SD,SD,SD,SD,SD,SD,SD,LD,LD,LD,LD,LD,LD,LD,LD,LD,LD,LD,LD,LD,LD,LD,LD,LD,LD,LD,LD,LD,LD,LD,LD,LD,LD,LDtoSD,LDtoSD,LDtoSD,LDtoSD,LDtoSD,LDtoSD,LDtoSD,LDtoSD,LDtoSD,LDtoSD,LDtoSD,LDtoSD,LDtoSD,LDtoSD,LDtoSD,LDtoSD,LDtoSD,LDtoSD,LDtoSD,LDtoSD,LDtoSD,LDtoSD,LDtoSD,LDtoSD,LDtoSD,LDtoSD,LDtoSD,LDtoSD
NA,NA,NA,Ws2,Ws2,Ws2,Ws2,Ws2,Ws2,Ws2,Ws2,elf3,elf3,elf3,elf3,elf3,elf3,elf3,elf3,phyB,phyB,phyB,phyB,phyB,phyB,phyB,phyB,phyB,elf3phyB,elf3phyB,elf3phyB,elf3phyB,elf3phyB,elf3phyB,elf3phyB,elf3phyB,Ws2,Ws2,Ws2,Ws2,Ws2,Ws2,Ws2,Ws2,elf3,elf3,elf3,elf3,elf3,elf3,elf3,elf3,phyB,phyB,phyB,phyB,phyB,phyB,phyB,phyB,elf3phyB,elf3phyB,elf3phyB,elf3phyB,elf3phyB,elf3phyB,elf3phyB,elf3phyB,Ws2,Ws2,Ws2,Ws2,Ws2,Ws2,Ws2,elf3,elf3,elf3,elf3,elf3,elf3,phyB,phyB,phyB,phyB,phyB,phyB,elf3phyB,elf3phyB,elf3phyB,elf3phyB,elf3phyB,elf3phyB,elf3phyB,Ws2,Ws2,Ws2,Ws2,Ws2,Ws2,Ws2,Ws2,elf3,elf3,elf3,elf3,elf3,elf3,elf3,phyB,phyB,phyB,phyB,phyB,phyB,phyB,elf3phyB,elf3phyB,elf3phyB,elf3phyB,elf3phyB,elf3phyB
1,72,0,GR1,GR2,GR3,GR4,GR5,GR6,GR7,GR8,GR1,GR2,GR3,GR4,GR5,GR6,GR7,GR8,GR1,GR2,GR3,GR4,GR5,GR5,GR6,GR7,GR8,GR1,GR2,GR3,GR4,GR5,GR6,GR7,GR8,GR1,GR2,GR3,GR4,GR5,GR6,GR7,GR8,GR1,GR2,GR3,GR4,GR5,GR6,GR7,GR8,GR1,GR2,GR3,GR4,GR5,GR6,GR7,GR8,GR1,GR2,GR3,GR4,GR5,GR6,GR7,GR8,GR1,GR2,GR3,GR4,GR5,GR6,GR7,GR1,GR2,GR3,GR4,GR5,GR6,GR1,GR2,GR3,GR4,GR5,GR6,GR1,GR2,GR3,GR4,GR5,GR6,GR7,GR1,GR2,GR3,GR4,GR5,GR6,GR7,GR8,GR1,GR2,GR3,GR4,GR5,GR6,GR7,GR1,GR2,GR3,GR4,GR5,GR6,GR7,GR1,GR2,GR3,GR4,GR5,GR6
2,73,1,0.067,0.088,0,0.17,0.052,0.025,0.041,0.056,0.043,0.038,0.04,0.028,0.077,0,0.049,0,0,0,0,0.064,0,0.026,0.068,0.084,0.392,0.018,0.069,0.34,0.039,0.07,0.039,0.081,0,0.042,0.072,0.014,0.035,0.137,0.08,0.005,0.017,0.086,0.009,0.079,0,0,0.161,0.031,0.106,0.207,0.115,0.008,0.14,0.175,0.011,0.01,0.014,0.032,0.064,0,0.052,0.13,0.152,0.095,0.003,0,0.04,0,0.012,0,0,0,0,0,0,0.131,0,0,0.03,0,0,0,0,0,0,0,0.026,0,0,0.02,0.001,0.023,0.127,0.072,0.068,0.022,0.192,0.086,0.026,0,0.067,0.083,0.025,0,0.037,0.02,0.014,0.013,0.053,0.069,0.024,0.001,0.007,0.018,0.026,0.069,0.05,0.037,0
3,74,2,0.008,0.114,0.037,0.023,0.001,0,0,0.067,0,0,0,0,0,0.041,0,0.084,0.217,0,0.116,0.099,0.033,0,0.124,0.112,0.159,0.031,0.037,0.055,0.046,0,0.046,0.11,0.022,0.058,0.112,0.176,0.186,0.108,0.02,0.094,0.064,0.049,0.065,0.023,0.04,0.002,0.048,0.114,0.022,0.102,0.039,0.079,0.169,0.041,0.037,0.069,0.158,0.072,0.108,0.121,0.015,0.179,0.151,0.042,0.146,0,0,0,0.01,0.038,0,0,0,0,0,0.027,0.013,0.002,0,0,0,0.054,0,0,0.046,0,0,0.028,0,0.035,0.034,0.026,0.511,0.034,0.102,0.046,0.107,0.052,0,0.044,0,0,0.031,0,0,0.028,0.054,0,0.065,0.054,0.024,0,0.015,0.064,0.016,0.068,0.068,0.052,0.04
4,75,3,0.071,0.028,0,0,0,0.082,0.006,0,0,0,0,0,0,0.078,0,0,0.052,0.052,0.018,0.014,0.047,0.029,0.065,0.064,0,0,0.104,0.077,0.004,0.207,0.045,0.056,0,0.03,0.095,0.086,0.01,0.03,0.007,0.142,0.069,0,0.028,0.037,0.061,0,0.076,0.089,0.049,0.006,0.045,0.021,0.062,0.005,0.053,0.139,0.009,0.036,0.201,0.078,0.036,0.055,0.006,0.113,0.235,0,0,0,0.05,0.021,0,0.043,0.022,0,0.013,0.04,0,0,0.07,0.057,0.029,0,0.013,0.07,0,0.027,0,0,0.044,0.019,0,0.039,0.081,0.08,0.202,0,0.119,0.048,0,0,0,0.091,0.076,0,0,0.013,0.068,0,0.006,0.122,0.087,0,0.064,0.009,0.044,0.051,0.086,0.063,0.033
5,76,4,0,0,0,0,0,0.001,0,0,0.015,0.113,0.016,0.008,0,0,0.07,0.221,0,0.091,0,0.047,0.004,0.006,0.038,0.05,0.013,0.03,0.044,0.031,0.022,0.026,0.029,0.059,0.075,0.015,0.034,0.002,0.005,0.033,0.053,0.019,0.018,0.044,0.007,0.038,0.029,0.122,0,0.043,0.01,0.07,0.029,0.051,0.068,0.022,0,0.045,0.018,0.052,0.055,0.028,0.069,0.15,0.05,0,0.016,0,0,0.013,0,0,0,0,0,0,0,0.026,0,0.026,0,0,0,0.035,0.027,0,0,0,0,0.109,0,0.057,0,0.048,0,0.013,0.207,0.012,0,0.084,0,0,0.006,0.022,0.117,0.052,0,0.102,0.014,0.015,0.051,0.065,0.015,0,0.033,0.009,0.076,0,0.119,0.115,0
6,77,5,0,0.057,0.001,0,0.026,0.026,0,0,0,0,0.035,0.017,0,0.035,0,0,0.072,0.011,0,0.179,0.094,0.024,0.022,0.096,0.067,0.065,0.045,0.048,0.188,0.15,0,0.039,0.178,0.02,0,0.074,0.053,0,0.016,0.06,0.007,0,0.048,0.022,0.019,0,0.054,0.031,0.038,0.02,0.005,0.051,0.222,0.025,0.004,0.084,0.014,0.034,0.034,0.018,0.287,0.064,0.093,0.035,0.066,0,0.047,0,0.023,0.081,0,0,0.011,0,0,0.074,0.025,0,0,0,0,0.073,0.04,0,0,0.079,0.193,0,0,0.013,0.003,0.152,0.176,0.065,0,0.02,0.112,0.076,0.058,0,0,0.132,0,0,0.049,0.093,0.016,0.033,0.025,0.037,0,0.054,0.003,0.065,0,0.034,0.036,0.026,0
7,78,6,0.047,0.113,0,0.057,0.042,0.062,0.012,0,0,0,0.025,0.008,0.1,0.289,0.066,0,0.035,0.081,0,0.029,0.012,0.056,0.025,0.029,0.101,0.009,0.061,0.073,0.022,0.085,0.02,0.008,0.088,0,0.031,0.05,0.054,0.013,0,0.007,0.05,0.018,0.009,0.093,0.067,0.083,0.1,0.044,0.04,0.059,0.06,0.079,0.08,0.208,0.012,0.135,0.058,0.071,0.02,0.039,0.141,0.204,0.093,0,0.305,0,0,0.035,0,0,0,0.135,0,0.031,0,0.066,0.036,0,0.017,0.063,0,0.034,0.046,0,0.071,0.034,0.025,0,0.026,0.017,0.015,0.205,0.027,0,0.101,0.021,0.068,0,0.001,0,0.168,0,0.032,0.057,0,0,0.086,0.015,0.097,0.12,0,0.113,0.091,0.007,0.022,0.035,0.119,0.154,0.115
8,79,7,0.06,0.052,0.071,0.056,0.059,0.057,0,0,0,0.04,0.025,0,0,0.107,0.011,0,0.1,0.04,0.013,0.029,0.182,0.024,0.103,0.039,0,0.037,0.07,0.108,0.021,0.085,0.018,0.025,0.074,0.17,0.025,0.006,0.083,0.083,0.004,0.007,0.104,0,0,0.281,0.149,0.168,0.185,0.073,0.039,0.118,0.075,0.073,0.024,0.01,0.045,0.113,0.095,0.084,0.098,0.044,0.216,0.123,0.044,0.099,0.153,0,0.05,0,0,0,0,0,0.038,0,0,0,0.032,0,0.004,0.012,0.028,0.018,0.013,0,0.053,0.018,0.011,0.102,0.047,0.001,0.056,0.027,0,0,0,0,0.304,0,0.076,0,0.024,0,0,0,0.017,0,0.001,0.009,0.017,0,0,0.078,0.183,0.086,0,0.034,0.017,0.002,0
9,80,8,0,0.045,0.034,0,0,0.002,0.043,0,0,0.012,0,0,0.057,0.001,0,0.012,0.084,0.042,0,0.061,0.079,0,0.025,0.091,0.005,0.051,0.069,0.012,0,0.17,0.064,0.144,0.053,0.048,0.019,0.047,0,0,0.025,0.042,0.031,0.21,0.046,0.073,0.054,0.054,0.146,0.006,0.147,0.221,0.057,0,0.026,0.043,0.014,0.05,0.03,0.091,0.041,0.032,0.095,0.254,0.109,0.183,0.14,0,0,0,0.022,0,0,0.032,0,0,0.013,0,0,0.015,0,0,0.156,0.076,0.018,0,0,0.053,0.039,0.055,0,0.017,0,0.094,0.078,0,0,0.002,0.159,0.068,0.182,0.049,0.006,0.043,0,0,0.052,0.037,0.033,0.14,0.063,0,0.352,0.209,0.076,0.072,0.031,0.156,0.051,0.026,0.018
10,81,9,0.065,0.051,0.036,0.05,0.054,0.051,0.022,0,0,0.076,0.064,0,0.057,0.092,0,0,0.001,0.011,0.014,0.135,0.077,0,0.066,0.062,0.016,0.075,0.051,0.109,0.042,0.055,0.01,0.175,0.095,0.141,0.048,0.031,0.065,0.021,0.123,0.082,0.041,0.349,0.29,0.206,0.22,0.078,0.259,0.106,0.246,0.171,0.251,0.044,0.069,0.203,0.033,0.215,0.146,0.339,0.406,0.383,0.303,0.47,0.074,0.277,0.449,0,0.03,0.035,0,0.085,0,0,0.039,0,0,0,0.052,0.026,0.015,0,0.068,0.066,0.118,0.044,0,0.079,0,0.053,0,0.051,0.11,0.429,0.189,0.003,0.075,0.018,0.519,0.021,0.401,0,0.095,0.065,0,0.015,0.053,0.022,0.125,0.199,0.188,0.241,0.093,0.233,0.153,0.304,0.128,0.27,0.103,0.197,0.159
11,82,10,0.084,0.021,0,0.02,0.046,0.025,0.023,0.001,0,0.125,0.054,0,0.063,0,0.097,0,0,0.006,0,0.034,0.031,0.001,0.016,0,0,0.045,0.113,0.034,0.034,0,0.05,0.035,0.166,0.146,0,0.12,0.419,0,0.093,0.015,0.05,0.125,0.164,0.243,0.192,0.112,0.35,0.265,0.301,0.181,0.015,0.103,0.083,0.064,0.024,0.238,0.085,0.26,0.37,0.291,0.423,0.153,0.456,0.05,0.181,0.12,0.036,0,0.005,0,0,0,0,0.013,0,0,0.035,0.058,0.034,0.023,0.093,0.008,0.018,0.023,0.039,0.054,0.029,0,0.051,0.053,0.065,0.029,0,0.065,0.174,0,0.129,0.054,0.612,0.073,0.103,0.018,0.087,0,0.161,0.044,0.117,0.046,0.092,0.143,0.068,0.234,0.205,0.289,0.221,0.142,0.205,0.198,0.187
12,83,11,0.033,0.004,0,0.044,0.055,0,0.021,0,0,0.065,0,0.058,0.092,0.041,0.088,0,0,0.009,0.023,0.095,0.018,0,0.062,0.094,0.059,0.048,0.005,0.004,0.013,0.056,0.054,0.111,0.036,0.13,0.053,0.141,0,0.072,0.16,0.015,0.029,0.128,0.215,0.299,0.054,0.229,0.184,0.048,0.132,0.025,0.091,0.057,0.006,0.027,0.032,0.169,0.064,0.262,0.293,0.197,0.286,0.1,0.318,0.21,0.284,0.12,0,0,0,0,0.05,0.075,0,0,0.015,0,0.018,0,0.013,0.018,0.045,0.052,0.084,0,0.039,0.031,0.019,0.007,0.005,0.018,0.07,0.092,0,0.068,0.272,0.055,0.336,0.012,0.154,0.091,0.27,0.068,0.03,0.049,0.122,0.123,0.024,0.168,0.27,0.082,0.151,0.195,0.228,0.326,0.336,0.254,0.204,0.295,0.318
13,84,12,0.038,0.025,0.048,0,0,0.041,0.061,0,0,0.068,0.066,0,0.077,0.051,0.075,0,0,0.019,0,0,0.049,0,0.009,0.153,0,0.026,0.032,0.053,0.047,0.052,0.073,0.243,0.104,0.135,0.005,0.178,0.178,0.001,0.029,0.173,0.022,0.346,0.154,0.402,0.165,0.212,0.144,0.071,0.277,0.216,0.032,0.138,0.367,0.023,0.054,0.122,0.123,0.324,0.314,0.444,0.262,0.281,0.107,0.301,0.419,0.057,0.069,0.026,0.009,0,0.055,0.045,0.033,0,0,0,0,0.02,0,0.027,0,0,0.001,0.091,0.012,0.048,0.026,0,0,0.037,0.053,0.104,0,0.078,0.181,0.174,0.296,0.049,0.351,0.291,0.175,0.165,0.068,0.099,0.213,0.34,0.115,0.146,0.156,0.405,0.413,0.226,0.103,0.137,0.094,0.152,0.051,0.221,0.297
14,85,13,0.051,0,0,0.019,0,0,0,0.013,0,0.034,0.069,0,0.013,0.065,0,0,0,0.019,0.036,0,0.006,0,0.026,0.163,0.041,0.066,0.005,0.096,0.028,0.148,0.076,0.016,0.129,0.002,0.044,0.117,0.017,0.144,0.093,0.134,0.039,0.305,0.354,0.126,0.158,0.101,0.21,0.154,0.277,0.039,0.065,0.01,0.147,0.036,0.041,0,0.088,0.141,0.168,0.179,0.304,0.152,0.215,0.168,0.085,0.102,0,0,0.017,0,0,0.039,0,0,0,0,0.026,0.079,0.017,0.016,0.019,0.062,0.008,0.052,0.056,0.052,0.028,0,0.074,0.035,0.09,0.156,0.093,0.062,0.18,0.119,0.215,0.084,0.445,0.121,0.167,0.236,0.068,0.051,0.133,0.185,0.137,0.127,0.102,0.108,0.155,0.056,0.061,0.124,0.097,0.17,0.206,0.25,0.253
15,86,14,0.017,0,0,0,0,0,0,0,0,0,0.008,0,0.128,0,0.065,0,0,0.016,0,0.029,0.007,0,0.035,0.072,0.019,0.052,0.05,0.037,0.118,0,0.113,0.148,0.075,0.194,0.064,0.067,0.136,0,0.395,0.215,0.032,0.217,0.277,0.398,0.186,0.33,0.038,0.101,0.252,0.195,0.19,0.015,0.179,0.097,0.29,0.049,0.184,0.236,0.285,0.188,0.128,0.113,0.263,0.139,0.294,0.101,0,0.021,0,0.058,0.053,0,0,0,0,0,0.016,0.031,0.01,0.027,0,0.006,0.005,0.066,0.049,0.105,0,0.067,0.113,0.04,0.192,0.447,0,0.066,0.294,0.055,0.33,0.107,0.183,0.066,0.309,0.324,0.032,0.05,0.097,0.208,0.027,0.002,0.085,0.069,0.138,0.121,0.098,0.101,0.164,0.141,0.222,0.229,0.212
16,87,15,0.004,0,0,0.051,0,0,0.049,0,0,0,0.03,0.001,0.023,0.037,0.016,0,0.016,0,0.026,0.025,0.014,0,0.063,0.064,0,0.078,0.032,0.011,0.029,0.018,0.069,0.093,0.149,0.161,0.105,0.034,0,0,0.093,0.072,0.047,0.261,0.314,0.338,0.207,0.136,0.426,0.248,0.132,0.151,0.024,0.218,0.013,0.18,0.205,0.004,0.097,0.087,0.132,0.222,0.085,0.085,0.143,0.103,0.132,0.094,0,0,0,0,0,0.059,0.026,0.086,0,0,0,0,0.043,0,0.03,0.017,0,0.013,0.073,0.079,0.052,0.031,0.044,0.05,0.039,0.346,0.127,0.23,0.192,0.044,0.237,0.068,0.11,0.23,0.095,0.179,0.069,0.153,0.154,0.209,0.068,0,0.008,0.09,0.087,0.253,0.062,0.229,0.12,0.164,0.205,0.169,0.178
17,88,16,0.02,0,0,0,0,0.028,0.062,0,0.026,0,0,0,0.111,0.042,0.053,0,0.003,0.051,0.018,0.004,0.018,0,0.006,0.013,0,0.104,0.012,0.059,0.114,0.016,0.123,0.01,0.238,0.285,0.39,0.276,0.279,0.143,0.081,0.092,0.04,0.32,0.273,0.332,0.198,0.153,0.025,0.064,0.16,0.278,0.251,0.138,0.086,0.167,0.311,0.037,0.093,0.204,0.124,0.387,0.264,0.197,0.14,0.154,0.165,0.023,0.073,0.012,0.018,0.063,0,0.029,0,0.069,0,0,0.019,0,0.027,0.026,0,0.024,0.041,0.04,0,0.027,0.105,0.051,0.031,0.102,0.161,0.642,0.298,0.884,0.255,0.399,0.21,0.205,0.244,0.306,0.059,0.3,0.206,0.138,0.173,0.259,0.186,0.159,0.081,0.24,0.029,0.26,0.082,0.241,0.342,0.139,0.188,0.141,0.326
18,89,17,0.018,0.015,0.011,0.053,0.009,0,0.091,0.024,0.182,0.025,0.086,0.062,0.07,0.096,0.233,0.096,0.004,0.179,0.084,0.043,0.442,0,0.071,0.122,0.036,0.187,0.091,0.186,0.215,0.324,0.174,0.153,0.408,0.198,0.229,0.094,0,0.385,0.235,0.299,0.044,0.162,0.333,0.161,0.25,0.479,0.202,0.173,0.269,0.268,0.141,0.344,0.174,0.312,0.298,0.241,0.057,0.448,0.297,0.162,0.225,0.324,0.294,0.279,0.398,0.063,0.048,0.002,0.072,0.067,0.06,0.008,0.093,0.05,0.039,0.068,0.054,0,0.152,0.026,0.077,0.194,0.029,0.03,0.12,0.131,0,0.281,0.022,0.239,0.229,0.6,0.788,0.399,0.472,0.534,0.39,0.326,0.45,0.475,0.181,0.361,0.15,0.181,0.184,0.222,0.219,0.198,0.078,0.096,0.043,0.192,0.128,0.17,0.204,0.28,0.312,0.19,0.287
19,90,18,0.082,0,0.048,0,0.091,0.056,0.087,0.041,0.02,0.066,0.216,0.038,0.098,0.264,0.093,0.154,0.027,0.195,0.154,0.046,0.009,0.001,0.071,0.119,0.083,0.311,0.08,0.094,0.163,0.289,0.128,0.3,0.288,0.372,0.238,0.233,0.287,0.149,0.194,0.129,0.192,0.318,0.306,0.296,0.336,0.336,0.224,0.302,0.482,0.291,0.288,0.236,0.157,0.165,0.367,0.072,0.211,0.263,0.106,0.243,0.217,0.125,0.298,0.186,0.124,0.052,0,0.053,0.044,0,0.053,0.065,0.017,0.08,0.083,0,0.095,0.006,0.064,0.018,0.077,0.057,0.133,0.161,0.107,0.082,0.107,0.071,0,0.167,0.331,0.185,0.455,0.767,0.558,0.545,0.524,0.319,0.123,0.04,0.254,0.31,0.122,0.164,0.329,0.175,0.101,0.078,0.077,0.12,0.142,0.09,0.208,0.149,0.215,0.14,0.125,0.223,0.308
20,91,19,0.035,0.032,0.008,0,0.041,0.055,0.044,0.114,0.025,0.069,0.152,0.148,0.06,0.267,0.079,0.102,0,0,0.019,0.058,0.011,0,0.137,0.022,0.054,0.164,0.16,0.331,0.021,0.318,0.109,0.187,0.197,0.227,0.354,0.169,0.436,0.327,0.33,0.168,0.04,0.338,0.256,0.278,0.299,0.204,0.341,0.242,0.532,0.23,0.203,0.314,0.352,0.431,0.189,0.164,0.332,0.308,0.321,0.246,0.315,0.158,0.015,0.338,0.269,0,0.072,0.037,0.027,0.066,0.023,0,0.169,0.184,0.102,0.054,0.083,0.081,0.104,0.062,0.049,0,0.016,0.029,0.279,0.106,0.078,0.202,0.125,0.164,0.176,0.471,0.68,0.834,0.346,0.127,0.638,0.67,0.255,0.262,0.265,0.197,0.149,0.18,0.11,0.368,0.138,0.208,0.098,0.079,0.119,0.141,0.103,0.148,0.199,0.435,0.193,0.251,0.176
21,92,20,0.001,0.042,0.032,0,0.042,0,0.082,0.023,0.057,0.185,0.053,0.215,0.098,0.076,0.229,0.212,0.004,0.01,0.034,0.116,0.075,0,0.027,0.05,0.035,0.237,0.133,0.198,0.097,0.102,0.058,0.092,0.356,0.366,0.118,0.359,0.087,0.17,0.064,0.285,0.338,0.172,0.261,0.08,0.238,0.245,0.14,0.268,0.185,0.162,0.212,0.066,0.079,0.145,0.161,0.052,0.032,0.139,0.063,0.263,0.175,0.36,0.213,0.181,0.195,0,0.107,0.034,0,0.018,0,0,0.181,0.173,0.043,0.094,0.037,0.037,0.047,0.085,0.037,0.106,0.086,0,0.208,0.169,0.105,0.127,0.161,0.19,0.249,0.528,0.493,0.513,0.637,0.905,0.391,0.547,0.451,0.334,0.43,0.445,0.123,0.262,0.326,0.173,0.225,0.029,0.136,0.2,0.046,0.12,0.16,0.127,0.292,0.365,0.198,0.258,0.184
22,93,21,0.055,0.082,0,0.025,0,0.028,0.023,0.048,0.03,0.284,0.314,0.058,0.145,0.195,0.277,0.056,0.021,0.067,0.016,0.048,0.034,0,0.016,0.06,0.025,0.175,0.134,0.287,0.215,0.185,0.167,0.102,0.127,0.124,0.167,0.108,0.228,0.163,0.24,0.208,0.341,0.239,0.336,0.227,0.208,0.359,0.307,0.207,0.392,0.324,0.016,0.194,0.204,0.119,0.272,0.32,0.162,0.115,0.056,0.124,0.191,0.105,0.188,0.43,0.213,0,0,0,0.034,0.019,0,0.004,0.024,0.153,0.081,0.04,0.113,0.038,0.106,0.038,0.119,0.008,0.02,0,0.11,0.173,0.136,0.076,0.342,0.259,0.159,0.506,0.51,0.385,0.159,0.277,0.194,0.543,0.084,0.213,0.413,0.455,0.416,0.18,0.256,0.15,0.061,0.165,0.144,0.106,0.123,0.166,0.226,0.104,0.208,0.221,0.206,0.148,0.179
23,94,22,0,0,0.015,0.015,0,0.002,0.056,0.026,0.141,0.245,0.098,0.095,0.464,0.104,0.139,0.212,0.032,0.07,0.018,0.118,0.025,0.028,0.015,0.138,0.074,0.095,0.231,0.061,0.089,0.067,0.308,0.417,0.198,0.226,0.362,0.265,0.253,0.111,0.402,0.213,0.097,0.312,0.226,0.417,0.207,0.438,0.552,0.034,0.304,0.16,0.351,0.311,0.179,0.048,0.215,0.258,0.464,0.436,0.069,0.205,0.286,0.303,0.203,0.345,0.269,0,0.036,0,0,0.012,0,0,0.224,0.08,0.081,0.145,0.083,0.114,0.011,0.06,0.101,0.015,0.041,0.014,0.099,0.147,0.188,0.268,0.019,0.207,0.269,0.182,0.191,0.7,0.408,0.234,0.273,0.462,0.385,0.299,0.24,0.454,0.222,0.033,0.277,0.192,0.149,0.225,0.198,0.172,0.094,0.115,0.133,0.198,0.378,0.229,0.23,0.26,0.212
24,95,23,0.09,0,0.01,0.001,0,0.057,0.086,0,0.077,0.248,0.106,0.119,0,0.267,0.117,0.417,0.004,0.111,0.067,0.029,0.022,0.027,0.019,0.067,0.13,0.322,0.112,0.337,0.142,0.134,0.113,0.245,0.202,0.203,0.128,0.274,0.375,0.41,0.032,0.276,0.304,0.217,0.196,0.436,0.304,0.092,0.111,0.016,0.025,0.069,0.144,0.26,0.341,0.195,0.28,0.077,0.001,0.292,0.086,0.079,0.064,0.172,0.291,0.053,0.042,0,0,0,0,0.072,0,0,0.244,0.108,0.154,0.108,0.077,0.148,0.07,0.12,0.191,0.001,0.041,0.01,0.197,0.17,0.062,0.104,0.245,0.238,0.235,0.458,0.804,0.461,0.388,0.503,0.544,0.596,0.035,0.152,0.379,0.315,0.174,0.197,0.233,0.207,0.089,0.097,0.119,0.138,0.03,0.162,0.219,0.186,0.124,0.184,0.203,0.182,0.135
25,96,0,0.001,0,0.06,0.066,0.038,0.041,0,0,0.066,0.228,0.324,0.123,0.025,0.11,0.187,0.119,0.015,0.018,0.017,0.05,0.046,0.018,0.185,0.041,0.044,0.107,0.218,0.305,0.228,0.152,0.191,0.141,0.169,0.013,0,0.173,0.057,0.281,0.24,0.266,0.139,0.18,0.283,0,0.175,0.169,0.091,0.074,0.105,0.071,0.165,0.01,0.007,0.204,0.074,0.207,0.027,0,0,0.099,0.07,0.096,0.197,0.01,0.067,0,0,0,0,0,0,0.031,0.034,0.166,0.063,0.024,0.061,0.075,0.164,0,0.032,0.005,0,0.047,0.292,0.278,0.097,0.13,0.018,0.102,0.162,0.407,0.388,0.392,0.368,0.236,0.237,0.419,0,0.275,0.352,0.245,0.126,0.255,0.121,0,0.011,0.07,0.182,0.043,0,0.108,0.054,0.111,0.183,0.03,0.027,0.085,0.169
26,97,1,0,0.001,0,0.022,0,0,0,0,0.02,0.389,0.125,0.157,0,0.038,0.163,0.011,0.02,0.045,0.006,0,0.034,0.107,0.087,0.004,0.032,0.091,0.075,0.071,0.096,0.19,0.025,0.09,0.083,0.097,0.313,0.223,0.452,0.14,0.056,0.302,0.481,0,0.04,0.088,0.103,0.075,0.061,0.014,0.051,0.015,0.029,0.257,0.46,0.213,0.161,0.267,0.079,0.079,0,0.026,0.019,0.161,0.085,0.029,0.077,0,0,0,0,0,0,0,0.052,0.165,0,0,0,0.208,0.019,0.013,0.027,0,0.009,0.075,0.215,0.24,0.068,0,0.202,0.287,0.206,0.295,0.558,0.222,0.336,0.393,0.292,0.087,0,0.069,0.409,0.181,0.034,0.16,0.113,0.19,0.216,0.013,0.169,0.029,0,0.061,0.12,0.023,0.073,0.057,0.028,0.215,0.061
27,98,2,0,0,0,0,0.009,0,0,0,0.036,0,0.007,0.008,0.042,0.024,0.095,0.008,0,0.06,0.034,0.01,0.083,0,0.052,0.031,0.054,0.032,0.107,0.109,0.077,0.116,0.106,0.062,0.098,0.034,0.007,0.085,0.031,0.072,0.048,0.014,0.023,0.077,0.103,0.067,0,0.03,0.004,0.085,0,0.064,0.092,0.009,0.003,0.091,0.039,0.026,0.172,0.007,0.113,0.09,0.054,0.102,0.088,0.001,0.014,0,0,0.02,0,0,0,0,0.001,0.032,0.023,0,0,0.038,0.001,0.006,0.055,0,0.001,0.037,0.274,0.11,0.03,0.128,0.198,0.095,0,0.41,0.315,0.262,0.596,0.343,0.647,0.643,0.197,0.037,0.053,0.405,0.074,0.257,0.062,0.073,0.211,0.182,0.076,0.289,0,0.118,0.071,0.085,0.042,0.041,0.055,0.256,0.173
28,99,3,0,0.003,0,0.043,0,0.009,0,0.051,0,0.113,0,0,0,0,0,0.017,0.019,0.005,0.04,0,0.047,0.043,0.358,0.198,0.266,0.155,0.096,0.055,0.014,0.001,0.195,0.014,0.169,0,0,0.024,0,0.043,0.05,0.015,0,0.019,0.035,0,0.027,0.009,0.048,0.015,0,0.1,0.004,0.024,0.014,0.016,0,0.003,0,0,0.083,0.094,0.02,0.075,0.141,0.057,0.017,0,0,0.008,0,0,0,0,0,0.101,0,0.051,0,0.025,0.004,0,0,0,0,0.071,0.129,0.055,0.033,0.044,0.055,0.053,0.065,0.127,0.073,0.105,0.007,0.12,0.099,0.01,0,0.042,0.173,0.011,0.117,0.054,0.048,0,0.092,0.128,0,0.067,0.037,0,0.011,0.034,0.053,0.054,0.113,0.049,0.102
29,100,4,0.021,0.282,0.115,0,0.04,0.035,0,0.014,0.019,0.024,0,0,0,0.057,0,0,0.029,0.016,0.009,0.025,0.025,0.015,0.009,0.061,0.003,0.108,0.03,0.007,0.011,0.004,0.09,0.102,0.102,0,0,0.022,0,0,0.049,0.01,0.049,0.041,0,0,0.015,0.021,0.002,0.007,0.045,0.045,0.048,0.026,0,0.006,0,0.001,0.061,0.041,0.105,0.084,0.058,0.159,0.093,0.031,0.009,0,0,0.018,0,0,0,0,0,0,0,0,0,0,0.04,0.04,0,0.035,0,0.072,0.137,0.016,0,0,0.035,0,0.07,0,0,0.035,0.033,0.246,0,0.121,0.002,0.033,0.047,0,0.011,0.089,0.04,0.014,0,0,0.007,0,0,0.055,0.022,0.02,0.006,0.04,0.11,0.017,0.041
30,101,5,0.052,0.077,0,0,0.071,0.011,0,0.014,0.053,0,0.062,0,0,0,0,0,0.003,0.009,0,0.032,0.004,0.031,0.019,0.036,0.005,0.108,0.015,0.029,0.029,0.013,0.056,0.028,0.137,0,0.021,0,0,0,0,0.01,0.029,0,0,0.016,0.015,0.035,0,0.033,0.05,0.05,0.012,0.019,0.155,0.026,0.054,0.022,0.006,0.018,0.11,0.068,0.082,0.036,0.018,0.093,0.05,0,0,0.003,0,0,0.056,0,0.051,0,0.009,0.024,0.049,0,0.027,0,0.011,0,0,0,0.063,0.068,0,0,0,0.009,0.036,0,0.048,0,0,0.084,0.052,0.022,0.089,0.017,0,0,0.017,0.098,0,0,0.009,0.008,0.011,0,0,0.011,0.026,0.034,0.044,0.03,0.091,0.158,0.109
31,102,6,0,0,0,0,0,0,0.002,0,0.074,0,0,0.025,0.004,0.021,0,0,0.004,0.017,0.096,0.194,0.049,0.214,0.014,0.021,0.062,0.108,0.089,0.032,0.1,0.093,0.242,0.002,0.179,0.004,0.026,0,0,0.009,0,0.012,0,0,0,0,0.007,0.017,0.014,0,0.044,0.059,0,0,0,0.056,0.028,0.017,0.013,0.012,0,0.099,0.044,0.234,0.019,0.168,0.084,0.051,0,0.004,0.057,0,0,0,0,0,0,0,0,0,0.066,0.05,0,0,0.027,0.093,0.055,0,0.009,0.074,0.263,0.008,0.089,0,0,0,0,0.018,0.005,0.105,0.09,0.198,0.002,0,0,0.031,0,0.021,0.003,0,0.002,0.015,0,0.125,0.029,0.074,0.043,0.086,0.112,0.068,0.014
32,103,7,0,0.011,0.028,0,0.026,0.005,0.013,0,0,0,0,0,0.041,0,0,0,0.091,0.002,0.096,0.088,0.016,0.014,0.093,0,0.009,0.26,0.045,0.048,0.015,0.019,0.075,0.019,0.005,0,0,0,0.072,0,0.028,0.009,0.035,0,0.016,0.05,0.001,0,0.02,0.009,0.053,0.027,0,0,0.069,0.011,0.002,0,0.001,0.063,0.072,0.175,0.112,0.134,0.065,0.152,0.007,0,0.018,0.069,0,0,0,0.009,0.036,0,0,0.003,0,0.006,0.024,0.013,0,0.009,0.016,0.17,0.105,0.007,0,0.024,0.017,0.015,0.071,0,0,0.076,0,0.184,0.045,0.104,0,0.136,0.007,0,0.03,0,0,0.025,0.003,0.027,0.015,0,0.007,0.011,0.007,0.018,0.041,0.104,0.133,0.07,0.044
33,104,8,0.034,0.025,0.071,0,0.095,0.061,0.038,0.007,0.015,0,0,0,0,0.003,0,0,0.059,0.038,0.034,0.094,0.031,0.022,0.011,0.013,0.003,0.159,0.107,0.074,0.109,0.119,0.091,0.054,0.127,0,0,0,0,0,0.08,0,0,0,0,0,0.024,0.011,0.105,0.083,0.032,0,0,0.008,0.002,0.007,0.015,0,0,0.072,0.329,0.009,0.129,0.045,0.08,0.256,0.022,0.068,0.051,0.027,0.006,0,0,0,0,0,0.012,0,0,0,0.074,0.038,0.023,0.012,0.02,0.026,0.016,0,0.047,0.05,0.074,0.014,0.227,0,0.105,0,0,0.114,0.051,0,0,0.145,0,0.103,0.094,0,0.038,0.027,0.051,0.014,0.005,0,0,0.068,0.077,0.017,0.051,0.182,0.198,0.226,0.188
34,105,9,0.052,0.042,0,0,0,0.07,0.146,0.041,0.025,0,0,0,0,0.084,0,0.014,0.064,0.013,0.049,0.113,0.023,0.012,0.134,0.019,0.01,0.031,0.018,0.037,0.045,0.067,0.025,0.106,0.057,0.082,0.015,0.054,0.278,0,0,0.02,0.092,0.105,0.113,0.214,0.279,0.251,0.256,0.503,0.287,0.082,0.08,0.06,0.115,0.036,0.028,0.07,0.061,0.274,0.156,0.116,0.118,0.213,0.296,0.34,0.263,0.07,0.053,0.078,0.032,0.015,0,0.035,0,0.039,0,0,0,0.02,0.052,0.07,0.058,0.049,0.042,0.093,0.164,0.158,0.014,0.046,0.189,0.09,0.037,0.143,0.041,0.103,0.068,0.174,0.334,0,0.079,0.605,0.019,0.24,0.331,0.148,0.107,0.021,0.208,0.173,0.185,0.011,0,0.104,0.221,0.09,0.287,0.395,0.178,0.381,0.129
35,106,10,0.056,0,0,0.021,0,0.014,0.028,0.004,0.054,0,0,0.032,0,0.004,0.041,0.031,0.033,0.022,0.026,0.054,0.025,0.026,0.016,0.025,0.017,0.175,0.065,0.037,0,0.033,0.025,0,0,0.188,0.057,0.23,0.147,0.064,0.204,0.082,0.29,0.316,0.197,0.084,0.157,0.315,0.342,0.14,0.349,0.112,0.032,0.069,0.331,0,0.038,0.073,0.05,0.183,0.365,0.16,0.281,0.172,0.382,0.224,0.192,0.089,0.019,0.032,0.026,0.045,0.046,0.002,0.041,0,0.04,0,0,0,0.113,0.076,0,0.068,0.097,0.039,0.035,0.088,0.022,0,0.023,0.015,0.003,0.117,0.255,0.558,0.171,0.359,0.514,0.086,0.215,0.169,0.688,0.567,0.387,0.453,0.344,0.439,0.155,0.242,0.181,0.243,0.025,0.147,0.105,0.224,0.223,0.29,0.134,0.112,0.128
36,107,11,0,0.023,0.035,0,0,0.057,0.008,0,0.025,0,0.058,0.011,0.01,0,0,0.013,0.005,0.026,0,0.057,0.131,0,0.004,0.013,0,0.103,0.056,0.09,0.07,0.071,0.06,0.005,0.009,0.044,0,0,0.007,0.054,0.01,0.022,0,0.13,0.143,0.139,0.064,0.085,0.177,0.074,0.091,0,0,0.012,0.123,0,0.008,0.019,0.052,0.194,0.187,0.021,0.096,0.101,0.073,0.325,0.07,0.071,0.035,0.03,0.062,0.074,0.071,0.01,0.01,0,0,0,0.042,0,0.002,0.079,0,0.031,0,0.052,0.033,0.062,0,0.1,0.056,0.029,0.04,0,0,0.025,0.022,0.023,0.104,0.084,0.089,0.197,0.577,0.238,0.118,0.044,0.071,0.036,0,0.025,0.089,0.15,0.068,0.062,0.052,0.06,0.227,0.066,0.132,0.243,0.107
37,108,12,0.019,0,0.08,0.016,0,0.067,0.019,0,0.064,0,0.026,0,0,0.031,0,0.037,0,0.016,0.014,0.012,0.021,0.008,0.083,0.03,0.011,0.006,0.147,0.002,0.08,0.101,0.082,0.038,0,0,0.018,0.095,0,0.053,0.401,0.045,0.055,0.211,0.098,0.428,0.248,0.371,0.23,0.103,0.336,0.055,0,0.018,0.119,0,0.072,0.051,0.285,0.205,0.131,0.333,0.117,0.345,0.241,0.215,0.239,0.055,0.017,0.036,0,0,0,0.035,0,0,0.001,0.014,0,0,0.073,0.062,0.03,0.012,0.043,0.061,0.12,0.059,0,0.112,0.102,0.038,0.015,0.162,0.031,0.268,0.26,0.074,0.204,0.152,0.248,0.504,0.655,0.148,0.306,0.156,0.304,0.358,0,0.026,0.115,0,0.035,0.045,0.176,0.231,0.128,0.152,0.221,0.173,0.098
38,109,13,0,0,0.032,0,0,0.094,0,0.006,0.015,0,0.017,0.059,0.071,0.036,0,0,0,0,0.007,0.075,0.007,0,0.038,0.141,0,0.073,0,0.115,0.024,0.141,0.019,0.011,0.033,0,0,0.009,0,0,0,0.031,0.003,0.106,0.086,0.152,0.003,0.134,0.136,0.134,0.124,0,0.002,0.02,0,0,0,0.018,0.017,0.153,0.068,0.017,0.15,0.136,0.062,0.241,0.054,0.089,0.072,0.024,0.036,0,0.055,0,0,0.041,0,0,0,0,0.033,0.025,0.013,0.019,0.012,0.056,0.088,0.218,0,0.06,0.027,0.006,0.061,0.088,0.013,0.233,0.172,0.021,0.286,0.108,0.267,0.666,0.133,0.271,0.248,0.132,0.267,0.245,0.084,0.091,0.112,0.073,0.057,0.066,0.016,0.203,0.113,0.107,0.182,0.09,0.161
39,110,14,0,0,0.019,0,0.034,0,0,0,0,0,0.013,0,0.028,0.013,0,0.014,0,0,0.054,0.031,0,0.033,0.041,0.059,0,0.09,0.149,0.025,0.022,0.069,0.025,0.062,0,0.009,0.04,0.096,0.009,0,0.108,0.032,0.081,0.115,0.51,0.159,0.191,0.197,0.12,0.066,0.116,0.007,0.1,0.026,0.056,0.045,0.079,0.051,0.034,0.124,0.044,0.287,0.164,0.112,0.143,0.111,0.084,0.036,0.019,0.027,0.024,0,0,0,0.055,0.071,0.026,0,0,0,0.028,0.04,0.034,0.031,0.018,0.1,0.124,0.019,0.018,0,0.017,0.062,0.011,0.006,0,0.045,0.324,0.004,0.352,0,0.108,0.531,0.036,0.303,0.39,0.081,0.129,0.057,0.073,0.058,0.079,0.05,0.045,0.077,0.015,0.077,0.051,0.16,0.078,0.182,0.046
40,111,15,0.006,0.006,0.094,0,0,0.085,0.08,0.02,0.004,0,0.032,0.009,0.03,0.03,0,0.014,0.012,0,0.04,0.036,0.054,0,0.038,0.09,0,0.008,0.068,0.074,0.023,0.038,0.084,0.041,0.008,0.017,0,0,0,0.009,0.094,0.033,0.003,0.239,0.082,0.237,0.075,0.125,0.112,0.144,0.051,0.002,0.016,0.021,0,0.088,0,0.066,0.017,0.125,0.087,0.055,0.052,0.075,0.084,0.34,0.029,0,0.071,0,0,0.061,0,0.012,0,0,0,0.053,0.044,0,0.006,0.03,0.016,0.02,0,0.044,0.072,0.035,0.053,0.052,0.041,0.053,0.018,0.024,0.012,0,0,0.073,0.102,0,0.115,0.17,0.081,0.116,0.285,0.101,0.125,0.202,0.117,0.093,0.186,0.051,0.106,0.016,0.064,0.096,0.166,0.121,0.277,0.046,0.074
41,112,16,0,0,0,0,0.003,0,0,0,0.022,0.052,0,0,0.015,0,0,0.2,0,0.098,0,0,0.029,0.045,0.006,0,0,0,0.04,0.012,0.013,0.09,0.02,0.009,0.013,0.059,0,0.05,0,0.022,0.078,0.07,0,0.103,0.162,0.203,0.266,0.126,0.118,0.213,0.137,0.013,0.054,0,0.007,0.082,0,0.019,0.058,0.088,0.037,0.036,0,0.076,0.289,0.233,0.123,0,0.015,0,0,0,0,0,0,0.037,0.027,0,0,0,0,0.024,0.009,0.036,0.107,0.106,0.118,0.071,0.012,0.034,0,0.025,0.035,0.092,0.159,0.253,0.12,0.105,0.22,0.204,0.213,0.595,0.219,0.379,0.335,0.241,0.238,0.194,0.17,0.211,0.243,0.138,0.129,0.042,0.089,0.155,0.111,0.213,0.119,0.221,0.073
42,113,17,0.086,0.016,0,0.057,0,0.067,0.081,0.042,0.025,0.061,0.114,0.04,0.084,0.201,0.351,0.212,0.026,0.048,0.01,0.047,0.066,0.174,0.097,0.099,0.027,0.225,0.169,0.127,0.154,0.146,0.211,0.079,0.119,0.133,0.09,0.135,0.11,0.106,0.089,0.279,0,0.339,0.314,0.329,0.109,0.2,0.252,0.054,0.281,0.23,0.022,0.072,0.113,0.185,0.023,0.016,0.227,0.05,0.075,0.133,0.086,0.132,0.199,0.228,0.22,0.003,0.001,0,0.08,0.013,0.054,0.029,0.094,0.183,0.042,0.053,0.084,0.062,0.079,0.126,0.106,0.158,0.134,0.124,0.176,0.343,0.02,0.14,0.102,0.129,0.052,0.056,0.122,0.09,0.26,0.126,0.161,0,0.022,0.09,0.084,0.343,0.376,0.19,0.184,0.276,0.028,0.121,0.112,0.09,0,0.157,0.091,0.112,0.135,0.204,0.169,0.194,0.12
43,114,18,0,0,0,0.032,0.032,0,0,0.014,0.132,0.402,0.335,0.099,0.112,0.092,0.038,0.176,0,0.071,0.088,0,0.013,0.12,0.14,0.054,0.062,0.212,0.198,0.304,0.144,0.236,0.226,0.211,0.073,0,0.08,0,0.242,0,0.081,0,0.035,0.105,0.084,0.116,0.151,0.172,0,0.064,0.074,0.009,0.188,0.033,0.021,0.341,0.119,0.005,0.033,0.025,0.056,0.018,0.037,0.003,0.016,0.115,0.071,0.016,0.018,0,0,0.07,0.059,0.015,0.189,0.125,0.001,0.093,0.071,0.097,0.054,0.073,0.103,0.082,0.091,0.118,0.387,0.166,0.109,0.167,0.1,0.167,0.233,0.289,0.188,0.215,0.104,0.144,0.425,0.079,0.151,0.243,0.204,0.191,0.258,0.107,0.134,0.075,0.066,0.186,0.044,0.05,0.122,0.043,0.129,0.119,0.125,0.114,0.229,0.071,0.147
44,115,19,0.134,0.006,0.009,0.273,0.063,0.041,0.066,0.013,0.026,0.043,0.095,0.304,0.18,0.303,0.085,0.213,0.004,0.088,0.123,0,0.152,0.151,0.206,0.114,0.189,0.196,0.288,0.263,0.092,0.181,0.398,0.069,0.166,0,0.081,0.156,0.115,0.058,0.044,0.023,0.133,0.343,0.22,0.257,0.325,0.244,0.26,0.162,0.094,0.059,0.159,0.028,0.097,0.051,0.079,0.059,0.147,0.14,0.088,0.118,0.105,0.548,0.249,0.114,0.075,0.015,0.018,0,0.037,0.013,0,0.006,0.172,0.282,0.085,0.08,0.036,0.12,0.111,0.102,0.173,0.097,0.088,0.089,0.182,0.132,0.093,0.121,0.213,0.077,0.305,0.561,0.149,0.418,0.466,0.195,0.085,0.25,0.178,0.582,0.141,0.329,0.322,0.252,0.183,0.179,0.032,0.156,0.267,0.048,0.2,0.154,0.215,0.161,0.223,0.184,0.168,0.151,0.114
45,116,20,0.071,0.005,0,0.081,0.042,0.068,0.08,0.013,0.059,0.098,0.196,0.079,0.14,0.091,0.123,0.112,0,0.071,0.116,0.075,0.062,0.039,0.037,0.032,0.005,0.116,0.129,0.096,0.024,0.138,0.09,0.03,0.194,0.099,0.171,0.108,0.422,0.154,0.41,0.156,0.38,0.226,0.346,0.23,0.293,0.22,0.121,0.14,0.126,0.089,0.118,0.163,0.198,0.127,0.166,0.165,0.335,0.274,0.056,0.154,0.208,0.21,0.402,0.336,0.162,0.052,0.022,0,0.01,0,0.074,0,0.173,0.031,0.082,0.187,0.071,0.104,0.034,0.039,0.099,0.098,0.072,0.134,0.109,0.16,0.118,0.199,0.218,0.119,0.145,0.272,0,0.099,0.388,0.068,0.006,0.198,0.222,0.529,0.265,0.64,0.337,0.242,0.356,0.228,0.071,0.024,0.145,0.049,0.074,0.166,0.112,0.142,0.199,0.12,0.241,0.213,0.076
46,117,21,0.072,0.014,0,0.084,0.08,0.001,0.027,0.097,0.038,0.165,0.134,0.101,0.108,0.102,0.064,0.212,0,0.05,0.077,0.028,0.037,0.023,0.031,0.142,0.071,0.126,0.101,0.088,0.109,0.033,0.158,0.013,0.074,0.123,0.162,0.328,0.116,0.05,0.065,0.197,0.004,0.177,0.123,0.119,0.108,0.196,0.096,0.134,0.071,0.267,0.043,0.218,0.061,0.142,0.199,0.041,0.074,0.017,0.074,0.125,0.013,0.023,0.097,0.206,0.22,0.001,0.051,0,0.006,0,0.064,0,0.19,0.076,0.134,0.039,0.124,0.07,0.035,0.062,0.056,0.045,0.117,0.032,0.208,0.147,0.087,0.25,0.237,0.34,0.245,0.057,0.113,0.104,0.035,0.107,0.566,0.278,0.119,0.013,0.08,0.197,0.368,0.042,0.052,0.099,0.073,0.099,0.041,0,0.306,0.237,0.153,0.219,0.185,0.059,0.208,0.121,0.051
47,118,22,0.037,0,0,0,0,0,0.035,0.028,0.128,0.115,0.114,0.07,0.082,0.197,0.105,0.148,0.012,0.075,0.002,0.016,0.164,0.036,0.022,0.023,0.177,0.068,0.064,0.119,0.021,0.104,0.21,0.029,0.096,0.128,0.094,0.071,0.219,0.086,0.093,0.079,0.104,0.134,0.161,0.273,0.245,0.159,0.121,0.444,0.099,0.052,0.035,0.063,0.022,0.136,0.08,0.094,0.096,0.03,0.076,0.149,0.057,0.036,0.152,0.241,0.288,0,0.037,0,0,0,0.035,0,0.14,0.154,0.079,0.142,0.088,0.127,0.058,0.093,0.091,0.038,0.079,0.105,0.215,0.154,0.102,0.174,0.288,0.185,0.17,0.036,0.843,0.167,0.135,0.34,0.032,0.081,0.274,0.14,0.194,0.324,0.238,0.211,0.311,0.089,0.138,0.114,0.032,0.054,0.097,0.03,0.165,0.088,0.211,0.223,0.22,0.182,0.142
48,119,23,0,0,0.016,0.04,0.108,0.043,0,0.085,0.053,0.062,0.152,0.079,0.111,0.219,0.123,0.171,0.031,0.082,0,0.044,0.019,0.016,0.021,0.015,0.054,0.046,0.175,0.024,0.089,0.062,0.088,0.043,0.01,0.135,0.075,0,0.077,0.063,0.133,0.111,0.276,0.284,0.158,0.106,0.091,0.179,0.036,0.247,0.086,0.028,0.024,0.013,0.025,0.076,0.03,0.059,0.211,0.035,0.046,0.037,0.073,0.02,0.161,0.017,-0.013,0,0.042,0,0,0,0,0.013,0.133,0.234,0.224,0.149,0.142,0.144,0.085,0.033,0.047,0.041,0.025,0.067,0.111,0.151,0.215,0.153,0.147,0.16,0.18,0.192,0.127,0.312,0.22,0.497,0.451,0.575,0.167,0.577,0.083,0.373,0.577,0.155,0.115,0.143,0.091,0.072,0,0.116,0.229,0.291,0.346,0.144,0.133,0.164,0.241,0.237,0.125
49,120,0,0.014,0.036,0.037,0.059,0,0.018,0,0,0.025,0.097,0.01,0.088,0.041,0.032,0.451,0.357,0,0.034,0.201,0.026,0.002,0.032,0.029,0,0.027,0.061,0.079,0.064,0.091,0.013,0.073,1.139,0.06,0.044,0.206,0.019,0.087,0.203,0.058,0.103,0.008,0.083,0.061,0,0.126,0.052,0,0,0.018,0.009,0.08,0.035,0.196,0.145,0.05,0.123,0.011,0,0.131,0.044,0.026,0,0.055,0.003,0.028,0,0,0,0,0.012,0,0,0.131,0.031,0.04,0,0.124,0.044,0.003,0.031,0.029,0.046,0,0.045,0.222,0.044,0.087,0.132,0.235,0.076,0.112,0.108,0.244,0.402,0.138,0.044,0.175,0.423,0.168,0,0.099,0.132,0.428,0.091,0.065,0.326,0.201,0.038,0.184,0.224,0,0.111,0.229,0.017,0.071,0.036,0,0.018,0.055
50,121,1,0,0.025,0,0,0.013,0,0,0,0.043,0.007,0,0,0.097,0.07,0.077,0,0,0.023,0,0.011,0,0.091,0.019,0,0,0.159,0.199,0.4,0.006,0.037,0.069,0.041,0.022,0.062,0,0.107,0,0.183,0,0,0.005,0.015,0.143,0.008,0,0,0,0.138,0.19,0.018,0.027,0.099,0.001,0.072,0.077,0.044,0.191,0.154,0.062,0.031,0.003,0.217,0.193,0,0.007,0,0,0,0,0,0,0,0.031,0.09,0,0.019,0,0,0.002,0.012,0,0,0.015,0.002,0.082,0.083,0.055,0.013,0.038,0.083,0.011,0.017,0.03,0.089,0.084,0.437,0.189,0.379,0.067,0.043,0.083,0.285,0.226,0.052,0.027,0.165,0.091,0.016,0.18,0.08,0,0,0.003,0.024,0.021,0.035,0,0.017,0.049
51,122,2,0,0,0,0.097,0,0,0.041,0,0,0.01,0.045,0,0,0.003,0.066,0.011,0.12,0.074,0.001,0.002,0.026,0,0.002,0.1,0,0.01,0.029,0.144,0.164,0.105,0.112,0.02,0.048,0.045,0.025,0,0.072,0,0.007,0.113,0,0.071,0,0,0.015,0.022,0,0.081,0.149,0.054,0.018,0.009,0.008,0.014,0,0.077,0.051,0,0.159,0.071,0.009,0.047,0.077,0.025,0.007,0,0,0,0,0,0,0,0.007,0,0.017,0.029,0,0.002,0.018,0.011,0.008,0,0,0.028,0.023,0.013,0.044,0.015,0.037,0.022,0.055,0.122,0.061,0.051,0.236,0.075,0.182,0.065,0.113,0.23,0.112,0.317,0.169,0.103,0.066,0.133,0.008,0,0.165,0.032,0.084,0.039,0,0.021,0.017,0.021,0.062,0.043,0.061
52,123,3,0,0,0,0,0,0,0,0,0.059,0,0.043,0,0.053,0.068,0,0,0,0.021,0.031,0.009,0,0.019,0,0.091,0,0.055,0.027,0.024,0.085,0.022,0.007,0.036,0.08,0,0.192,0,0,0.012,0,0,0,0.013,0.021,0.062,0,0.027,0.096,0.02,0.025,0.031,0.015,0.011,0,0.039,0.019,0.113,0.033,0.027,0,0.067,0.017,0.11,0.083,0.07,0.106,0,0,0,0,0,0,0.009,0.001,0.051,0,0.006,0,0.011,0.1,0.001,0,0.004,0.02,0.094,0,0.06,0.044,0.013,0.015,0.036,0.011,0.079,0,0,0.088,0.013,0.06,0,0.074,0.005,0.022,0.032,0.229,0,0.034,0.004,0.012,0,0.028,0.006,0.09,0.088,0,0.002,0.019,0.021,0.056,0.036,0.007
53,124,4,0,0,0.012,0,0,0.03,0,0,0.057,0,0,0,0,0.024,0,0,0.035,0,0,0.1,0.027,0.009,0.008,0.014,0.017,0.167,0.041,0.063,0.007,0,0.088,0.009,0,0.026,0.015,0,0.128,0.091,0.035,0.094,0.009,0,0,0,0.058,0.237,0.017,0.014,0.048,0.001,0,0,0.108,0.003,0,0.007,0.065,0.028,0.051,0.016,0.039,0,0,0.014,0.007,0,0,0,0,0,0,0,0,0,0,0,0,0,0.045,0.012,0.001,0,0.092,0.029,0.08,0.058,0.021,0.079,0.006,0.106,0.003,0.029,0.013,0,0,0.053,0.054,0,0.083,0.144,0.036,0.137,0.007,0.015,0,0.083,0.07,0,0.043,0.03,0,0,0.005,0.016,0,0.006,0.019,0,0
54,125,5,0,0.026,0,0,0,0,0,0,0.002,0.082,0,0.02,0,0,0,0.01,0.161,0.001,0.007,0.013,0,0,0.007,0.044,0.009,0.005,0,0.04,0.055,0.176,0.008,0.026,0.036,0.041,0,0.003,0,0.06,0.017,0,0,0,0.034,0,0,0.01,0.005,0.022,0.001,0,0,0,0.01,0.023,0,0.012,0.028,0.135,0.008,0.007,0.006,0.013,0,0.064,0.049,0,0,0,0,0,0,0.031,0,0,0.015,0,0,0,0.009,0.007,0.026,0.005,0.033,0.052,0.036,0.016,0.027,0.053,0.008,0.047,0.007,0.061,0,0,0,0.07,0.183,0.125,0.133,0,0.193,0,0.063,0,0.046,0,0.006,0,0,0.013,0,0.077,0.02,0.01,0.015,0.007,0.003,0.045,0.006
55,126,6,0,0.035,0,0,0,0.044,0.008,0,0.028,0.037,0.007,0,0,0.009,0,0.113,0.014,0,0.045,0.013,0,0,0.005,0.071,0.018,0.006,0.039,0.156,0.021,0.015,0.026,0,0.018,0.069,0,0,0.102,0,0.039,0.072,0.024,0.028,0,0.009,0.058,0.007,0.006,0.042,0.009,0.023,0.003,0.024,0,0.049,0,0.028,0.02,0.091,0.07,0.001,0.016,0.051,0.136,0.061,0.051,0.02,0,0,0,0,0,0.03,0,0.041,0,0.006,0.036,0.004,0.077,0.013,0,0,0.013,0,0.084,0.014,0.028,0,0.036,0.004,0.002,0.024,0.013,0.001,0,0.027,0,0,0.041,0.1,0.01,0,0.063,0.008,0.032,0,0,0,0,0.076,0,0.037,0.043,0.011,0.023,0.051,0.047,0.1,0
56,127,7,0.049,0.014,0.036,0,0,0.05,0.005,0,0,0,0,0.006,0,0,0,0,0.01,0,0.03,0,0.025,0.031,0.013,0,0.018,0.058,0.011,0.003,0.076,0.054,0.027,0.065,0,0.047,0.073,0.037,0.025,0.057,0,0,0,0,0,0.018,0.074,0.055,0.006,0,0.001,0.048,0.002,0.028,0.007,0.012,0,0.013,0.052,0.033,0.004,0,0.016,0.077,0.021,0.116,0.031,0.055,0,0.004,0,0,0,0,0.079,0,0,0,0,0.026,0.077,0.032,0.026,0,0.063,0.017,0.001,0.034,0.019,0.055,0.072,0.005,0.001,0,0.005,0,0,0,0,0.053,0.018,0.061,0.02,0.08,0.001,0.015,0,0.08,0.005,0,0,0,0,0.015,0.056,0.001,0,0,0.121,0.016,0.009
57,128,8,0.011,0.036,0.035,0.028,0.032,0.04,0.02,0,0.013,0,0,0,0.032,0.001,0,0.009,0.038,0.045,0.084,0.005,0.015,0.009,0.039,0.035,0.052,0.1,0.105,0.03,0.038,0.002,0.017,0.048,0.11,0,0,0.105,0,0,0.017,0.006,0.023,0,0.107,0.013,0.054,0.084,0,0.065,0.023,0.016,0,0.014,0,0.013,0.047,0.033,0.037,0.045,0.015,0.04,0.016,0.084,0.007,0.036,0.046,0.035,0.048,0.005,0,0,0,0.032,0,0.035,0.079,0,0,0,0.053,0.029,0.004,0.011,0.091,0.034,0,0.179,0.005,0.024,0.053,0.018,0.01,0,0.023,0,0,0.022,0,0.061,0.074,0.002,0.032,0,0.101,0.106,0.011,0,0,0,0,0,0.082,0.028,0.017,0.019,0.011,0.037,0.217,0.012,0.136
58,129,9,0,0,0.061,0,0,0.074,0.124,0,0.004,0,0.067,0,0,0.014,0,0,0.005,0.026,0.08,0.008,0.019,0.039,0.03,0.034,0,0.17,0.062,0.002,0.044,0.025,0.041,0.019,0,0.098,0.029,0,0.001,0.084,0.103,0.059,0.032,0.016,0.089,0.273,0.074,0.081,0.245,0.037,0.041,0.192,0.019,0.005,0.057,0.057,0.11,0.015,0.008,0.157,0.316,0.032,-0.017,0.037,0.034,0.196,0.164,0.034,0.075,0.011,0,0.005,0.039,0.023,0,0.039,0,0.016,0,0,0.044,0.055,0,0,0.033,0.063,0.228,0,0.022,0.055,0.086,0.07,0,0.075,0.045,0.093,0.602,0.174,0,0.01,0.078,0.184,0.033,0.127,0.038,0.057,0.095,0,0.068,0.045,0.047,0.042,0.166,0.068,0.027,0.005,0.114,0.155,0.166,0.164,0.15
59,130,10,0.03,0.016,0.077,0.026,0,0.038,0.027,0.012,0.014,0.063,0,0,0,0.017,0.114,0.015,0,0.018,0.08,0.015,0.04,0.05,0.025,0.023,0.001,0.051,0.033,0.054,0.002,0.045,0.003,0.01,0.052,0.153,0,0.144,0.171,0.171,0.096,0.168,0.09,0.101,0.117,0.202,0.045,0.288,0.135,0.074,0.107,0,0.126,0.148,0.035,0.001,0.186,0.081,0.039,0.31,0.137,0.142,0.13,0.119,0.063,0.194,0.406,0.038,0,0.03,0.001,0,0.048,0,0,0.015,0.031,0.007,0,0.032,0.066,0.059,0.023,0.028,0.087,0.011,0.051,0.192,0.014,0.023,0.061,0.022,0.065,0.04,0.044,0.227,0.255,0.208,0.13,0.151,0.109,0.169,0.054,0.133,0.089,0.105,0.259,0.039,0.006,0.03,0.069,0.103,0.081,0.125,0.037,0.146,0.12,0.119,0.108,0.13,0.085
60,131,11,0,0.044,0.018,0,0.039,0.057,0.041,0.028,0.034,0,0,0,0,0.052,0,0.045,0.115,0.017,0,0.011,0.022,0,0.008,0.009,0.002,0.124,0.086,0.082,0,0.078,0.012,0.035,0.02,0,0.108,0.091,0.079,0.101,0.062,0.028,0.037,0.177,0.025,0.106,0.103,0.139,0.07,0.101,0.034,0.095,0.06,0.019,0.128,0.043,0.039,0.083,0.074,0.222,0.249,0.015,0,0.006,0.025,0.585,0.071,0.036,0.02,0.028,0.005,0,0.031,0.023,0,0.025,0.054,0,0.035,0,0.026,0.055,0,0.022,0.018,0.029,0.028,0.124,0.02,0.042,0.04,0.014,0.035,0.045,0.211,0.122,0.292,0.28,0.12,0.108,0.202,0.156,0.25,0.333,0.173,0.103,0.083,0.031,0,0.004,0.082,0.068,0.153,0.182,0.092,0.129,0.07,0.176,0.125,0.154,0.133
61,132,12,0.098,0.017,0.037,0.023,0,0.057,0.067,0,0.01,0,0,0,0,0.075,0,0.067,0.042,0.048,0.043,0.009,0,0,0.042,0.011,0,0.112,0.034,0.087,0.036,0,0.016,0.021,0,0.006,0.074,0.079,0,0.129,0.07,0.153,0.046,0.115,0.12,0.14,0.088,0.071,0.064,0.079,0.071,0,0,0,0.076,0.036,0.056,0.071,0.135,0.16,0.077,0.073,0,0.016,0.118,0.02,0.045,0.019,0,0.018,0.006,0.049,0.046,0.004,0,0.012,0.039,0.059,0,0,0.044,0.031,0.006,0.037,0.056,0.053,0.026,0,0.049,0.007,0.158,0.025,0.009,0.034,0,0,0.072,0,0,0.032,0,0.394,0,0.123,0.197,0.124,0.073,0.047,0.018,0,0.025,0.012,0.042,0.105,0.021,0.105,0.137,0.054,0.145,0.079,0.05
62,133,13,0.01,0,0.036,0,0,0.023,0.038,0,0.003,0,0.001,0,0.009,0.026,0,0,0.036,0.021,0.033,0.003,0.014,0,0.026,0,0,0.063,0.038,0.02,0.035,0,0.011,0.016,0.141,0,0.071,0.058,0,0.007,0.138,0.089,0.015,0.003,0.08,0.192,0.089,0.122,0.135,0.074,0.091,0.047,0.015,0.069,0.025,0.02,0.106,0.043,0.044,0.093,0.087,0.03,0.067,0.113,0.018,0.158,0.208,0.021,0,0.028,0.008,0,0.022,0,0,0.018,0,0,0.036,0.018,0.008,0.096,0.019,0.032,0.051,0.025,0.053,0.051,0.004,0.038,0.036,0.047,0,0.144,0.165,0.062,0,0.269,0.082,0.097,0,0.387,0.074,0.298,0.834,0.039,0.204,0.362,0.051,0.042,0.016,0.065,0.102,0.143,0.032,0.144,0.174,0.106,0.048,0.129,0.12
63,134,14,0,0.005,0.044,0.002,0,0,0,0,0,0.029,0.018,0,0,0,0,0,0.035,0.062,0,0.028,0.001,0.092,0.116,0.015,0,0.281,0.05,0.018,0.012,0.122,0.008,0.011,0.088,0.11,0,0.06,0.117,0.081,0.011,0.064,0.026,0.17,0.221,0.106,0.103,0.207,0.063,0.05,0.082,0.035,0.021,0.035,0,0.017,0.026,0.047,0.008,0.011,0.042,0.005,0.033,0.379,0.085,0.163,0.054,0.006,0.008,0.026,0.009,0,0,0,0.026,0.03,0,0,0,0,0,0.008,0.016,0.018,0.073,0.098,0.025,0.043,0.022,0.015,0.064,0.042,0.008,0,0.234,0.076,0,0.156,0.028,0.278,0.072,0.296,0.051,0,0.281,0.055,0.15,0.157,0,0,0,0,0,0.062,0.007,0.126,0.143,0.092,0.147,0.267,0.121
64,135,15,0,0.013,0.055,0,0,0,0.016,0,0,0,0,0,0.028,0,0.01,0,0.077,0.036,0,0.055,0.038,0.043,0.056,0,0,0.066,0,0,0.052,0.032,0,0.004,0,0,0.071,0.027,0,0,0.129,0.091,0.052,0.174,0.055,0.129,0.102,0.008,0.161,0.093,0.149,0.012,0.059,0.024,0.127,0,0.109,0.041,0.142,0.036,0.151,0.051,0,0.107,0.131,0.167,0.067,0,0,0,0.035,0,0.014,0.003,0,0.007,0.01,0,0,0.033,0.009,0.027,0.044,0.042,0,0.046,0.395,0.053,0.014,0.071,0.024,0.03,0.034,0.128,0.32,0.204,0,0.251,0.112,0.206,0.251,0.126,0.025,0.077,0.281,0,0.08,0.25,0.097,0,0.058,0.031,0.079,0.005,0.066,0.088,0.064,0.075,0.126,0.142,0.276
65,136,16,0,0,0,0,0,0.037,0.002,0,0,0.122,0.043,0,0,0.008,0,0.063,0,0,0.011,0.017,0.034,0,0.046,0.036,0,0.011,0,0.064,0.027,0.001,0.005,0,0.054,0.004,0,0.031,0,0.053,0,0.005,0,0.136,0.207,0.114,0.117,0.108,0,0.131,0,0.046,0,0.023,0.035,0.006,0.061,0,0.052,0.045,0.093,0.051,0,0.147,0.071,0,0.05,0,0.038,0,0,0,0,0,0,0,0.012,0.027,0.019,0,0.009,0.042,0,0.039,0,0.051,0.186,0,0.019,0,0.061,0.003,0.004,0.075,0.069,0.041,0,0,0,0.144,0.007,0.038,0.047,0.128,0.713,0.234,0.044,0.184,0,0.039,0.006,0.035,0,0.055,0.007,0.167,0.131,0.148,0.154,0.138,0.058
66,137,17,0.04,0.003,0,0,0,0.033,0.027,0,0.022,0.032,0.042,0.054,0.084,0.112,0.104,0.181,0.031,0.101,0.119,0.004,0.094,0.053,0.16,0.202,0,0.412,0.19,0.192,0.053,0.084,0.064,0.043,0.054,0.055,0,0,0,0.032,0.008,0.03,0,0.091,0.147,0.069,0.033,0.034,0.068,0.02,0.112,0,0.017,0,0.067,0.051,0.036,0.025,0.016,0.011,0,0,0,0.044,0.117,0.043,0.098,0.038,0.026,0,0,0,0,0,0.306,0.115,0.122,0.079,0,0.081,0.122,0.051,0.118,0.07,0.111,0.062,0.321,0.143,0.101,0.008,0.348,0.324,0.123,0,0.103,0,0.076,0.075,0.078,0.103,0.082,0.175,0.064,0.107,0.145,0.137,0.109,0.2,0,0.025,0,0.055,0,0.014,0.057,0.093,0.083,0.077,0.083,0.205,0.115
67,138,18,0.026,0,0.03,0.038,0,0.005,0.029,0.055,0.074,0.046,0.127,0.101,0.083,0.099,0.082,0.312,0,0.173,0.105,0.171,0.1,0.135,0.197,0.116,0,0.208,0.395,0.155,0.163,0.075,0.095,0.182,0.118,0.116,0.002,0,0,0,0.003,0.033,0,0.1,0.048,0.062,0.038,0.111,0,0.053,0.069,0,0.022,0.089,0.097,0.056,0.03,0,0.044,0.001,0.039,0,0,0.013,0.021,0.135,0.066,0.02,0.028,0.015,0,0.06,0.109,0.011,0.249,0.096,0.11,0.155,0.088,0.105,0.053,0.064,0.188,0.079,0.112,0.11,0.267,0.128,0.061,0.199,0.201,0.083,0.173,0.051,0.044,0.001,0.073,0.048,0.034,0.104,0,0.209,0.041,0.096,0.145,0.051,0.119,0.238,0.167,0.077,0.107,0.093,0.006,0.086,0.023,0.06,0.054,0.083,0.047,0.074,0.124
68,139,19,0.065,0.027,0.014,0,0,0.017,0.012,0,0.057,0.165,0.18,0.118,0.097,0.059,0.115,0.038,0.186,0.125,0.09,0.08,0.061,0.207,0.182,0.046,0,0.133,0.063,0.19,0.027,0.087,0.16,0.03,0.068,0.137,0.077,0.158,0.126,0.206,0.116,0.091,0.002,0.166,0,0.167,0.098,0.079,0.035,0.095,0.009,0.099,0.026,0.113,0.039,0.059,0.118,0.003,0.074,0.012,0.136,0.037,0.005,0.174,0.149,0.078,0.109,0.02,0,0.02,0,0.073,0.023,0,0.109,0.107,0.097,0.23,0.053,0.081,0.07,0.087,0.12,0.075,0.158,0.13,0.152,0.096,0.049,0.022,0.222,0.051,0.128,0.111,0.131,0.298,0,0.025,0.119,0.259,0.139,0.106,0.053,0.107,0.399,0.111,0.037,0.147,0.088,0.177,0.122,0.052,0,0.218,0.103,0.146,0.155,0.129,0.154,0.192,0.089
69,140,20,0.06,0,0.022,0,0.019,0.009,0.011,0.047,0.05,0.169,0.093,0.027,0.084,0.041,0.165,0.131,0.039,0.026,0.024,0.016,0.276,0.086,0.093,0.045,0,0.028,0.202,0.137,0.075,0.208,0.146,0.033,0.217,0.068,0.081,0.086,0.031,0.049,0.101,0.163,0.083,0.055,0.073,0.07,0.137,0.098,0.088,0.048,0.023,0.078,0.09,0.074,0.107,0.14,0.072,0.052,0.1,0.091,0.023,0,0,0,0.008,0.077,0.124,0.035,0.027,0,0,0.013,0,0.006,0.142,0.079,0.067,0.229,0.071,0.075,0.107,0.073,0.045,0.047,0.099,0.116,0.267,0.052,0.123,0.126,0.209,0.104,0.186,0.037,0.098,0.152,0.288,0.137,0.047,0.007,0.078,0.04,0.023,0.096,0.067,0.17,0,0.111,0.023,0.051,0.026,0.107,0,0.044,0.061,0.077,0.092,0.058,0.138,0.052,0.029
70,141,21,0.032,0.013,0.016,0.001,0.056,0.031,0.134,0.029,0.063,0.077,0.102,0.091,0.126,0,0.2,0.106,0.003,0.063,0.119,0.066,0.051,0.071,0.105,0.046,0.002,0.079,0.126,0.202,0.093,0.091,0.201,0.254,0.054,0,0,0.028,0,0.056,0.023,0.022,0.037,0.115,0,0.046,0,0.113,0.054,0.173,0.047,0.004,0.056,0,0.026,0.238,0.103,0.035,0.018,0.083,0.046,0.002,0,0.139,0.105,0.001,0.109,0,0,0,0.032,0.066,0.027,0.049,0.105,0.187,0.056,0.121,0.017,0.08,0.035,0.022,0.012,0.05,0.064,0.156,0.132,0.211,0.055,0.127,0.057,0.024,0.151,0.095,0.182,0.059,0.34,0.255,0.058,0.116,0.037,0.095,0,0.138,0.142,0.091,0.024,0.148,0.078,0.03,0.129,0.109,0,0.052,0.04,0.066,0.114,0.102,0.072,0.069,0.067
71,142,22,0.079,0,0,0.001,0.09,0.028,0.013,0.059,0.155,0.057,0.1,0.151,0.129,0.188,0.21,0.22,0,0.059,0.106,0.095,0.107,0.028,0.057,0.025,0.001,0.078,0.151,0.186,0.302,0.045,0.315,0.102,0.073,0,0.17,0.047,0.097,0.013,0.204,0.059,0.034,0.052,0.077,0.083,0.099,0.068,0.012,0.014,0,0.02,0.115,0.132,0.034,0.103,0.125,0.022,0.07,0.102,0.089,0.014,0,0,0.015,0.106,0.093,0.061,0,0,0,0,0,0,0.079,0.072,0.096,0.121,0.124,0.08,0.051,0.061,0.049,0.063,0.11,0.06,0.128,0.128,0.084,0.069,0.122,0.038,0.125,0.149,0.534,0.031,0.444,0.235,0.217,0.016,0.058,0.141,0.091,0.075,0.147,0.075,0.037,0.133,0.002,0.078,0.091,0.043,0.113,0.067,0.047,0.088,0.162,0.097,0.036,0.024,0.119
72,143,23,0,0.013,0,0.038,0.063,0.003,0,0.046,0.038,0.043,0.048,0.138,0.065,0,0.041,0.059,0.052,0.077,0.061,0.058,0.062,0.032,0.051,0.047,0,0.097,0.039,0.038,0.116,0.085,0.056,0.242,0.04,0.099,0.22,0.149,0.114,0.102,0.14,0.037,0.075,0.149,0,0.052,0.198,0.135,0.019,0.074,0,0.033,0.07,0.08,0.072,0.055,0.06,0,0.142,0.083,0.112,0,0,0.085,0.131,0.122,0.021,0,0,0,0,0,0,0,0.084,0.117,0.134,0.114,0.018,0.08,0.077,0.062,0.025,0.044,0.026,0.082,0.098,0,0.043,0.062,0.128,0.054,0.136,0.064,0.051,0.088,0.22,0.161,0.082,0.05,0.066,0.186,0.14,0.199,0.383,0.09,0.039,0.233,0.078,0.046,0.062,0.054,0.025,0.109,0.024,0.041,0.098,0.104,0.056,0.04,0.12
73,144,0,0,0,0.02,0.017,0.064,0,0.018,0,0,0,0.01,0,0,0.071,0,0,0,0,0.035,0.094,0.063,0,0.054,0.04,0,0,0.001,0.062,0.11,0.022,0.119,0.05,0.055,0.104,0,0.103,0,0.153,0,0.013,0.349,0,0.062,0.044,0.008,0.043,0.036,0.012,0.036,0.013,0.046,0.071,0.143,0.003,0,0,0.056,0,0.031,0.036,0,0.031,0.067,0.025,0.002,0,0,0,0,0,0,0,0.04,0.033,0.022,0,0.019,0.02,0.011,0.005,0.025,0.033,0,0.031,0,0.013,0.017,0.015,0.158,0.012,0.222,0.166,0,0.076,0,0.1,0.007,0.074,0.078,0.007,0.012,0.154,0.073,0.073,0.058,0,0.03,0,0.035,0.044,0.119,0.042,0.009,0,0,0.002,0,0,0.047
74,145,1,0,0,0.034,0,0,0,0.018,0,0.005,0,0,0.001,0.014,0.012,0,0,0,0,0.063,0,0,0,0,0.064,0,0,0.113,0,0.074,0.137,0.014,0.043,0.054,0,0,0,0.035,0,0,0.004,0,0,0.091,0.019,0,0.002,0,0.051,0.034,0.073,0,0,0,0.038,0.016,0.007,0.008,0,0,0,0.011,0.109,0.043,0.049,0.051,0,0,0.013,0,0,0,0.008,0,0,0.079,0.014,0,0,0,0,0,0.023,0.01,0.036,0,0.258,0,0,0,-0.001,0.082,0.119,0.025,0.017,0,0.168,0.068,0.2,0.224,0.03,0,0.176,0.407,0.093,0.073,0.038,0.132,0.025,0.044,0.137,0,0.018,0,0.01,0.015,0.002,0.038,0.006,0
75,146,2,0,0,0,0.014,0,0,0,0,0.018,0,0.03,0,0,0.032,0,0.015,0,0.028,0.035,0,0.003,0.047,0.012,0.011,0,0.011,0,0.051,0.105,0.01,0.001,0.025,0.033,0,0,0.072,0.066,0.012,0,0,0.044,0,0.17,0.052,0.015,0.022,0.074,0.045,0,0.044,0.029,0,0.009,0.023,0,0.013,0.148,0.065,0,0,0,0.115,0.044,0.044,0,0,0,0,0,0,0,0,0,0.006,0,0.041,0,0.033,0,0,0,0,0,0.04,0,0.095,0.013,0.05,0.071,0.024,0.014,0.126,0.081,0.286,0.036,0.028,0.098,0.139,0.104,0.025,0,0.193,0.146,0.037,0.049,0,0.121,0,0.026,0.139,0,0,0.025,0,0.046,0,0.026,0.058,0.009
76,147,3,0,0.001,0,0,0,0,0.021,0.044,0.006,0.063,0,0.003,0.001,0.013,0,0.008,0.021,0,0,0.017,0.008,0,0.023,0.001,0,0.066,0.012,0.093,0.018,0.082,0.01,0.097,0.011,0,0,0.035,0,0.068,0.004,0,0,0,0,0,0,0,0,0,0.029,0.03,0,0,0,0,0.022,0.044,0.004,0,0.008,0.048,0,0.01,0.013,0.06,0.021,0,0,0,0,0,0,0,0,0.079,0,0.068,0,0.006,0.022,0,0.03,0.024,0.029,0.042,0,0.046,0.021,0.018,0.036,0.044,0.029,0,0,0,0,0,0,0.002,0,0.032,0.008,0.028,0.021,0.092,0.025,0.009,0.021,0,0.1,0,0,0,0.01,0.011,0,0.015,0,0.002,0
77,148,4,0,0,0,0,0.007,0,0,0,0,0,0,0,0.01,0.026,0.058,0,0,0.002,0,0.036,0.021,0.019,0,0.025,0.095,0.049,0,0,0.059,0.039,0.005,0.044,0.008,0,0,0,0.101,0,0.006,0.019,0,0.014,0.025,0,0,0.005,0,0,0.034,0.001,0.005,0.013,0.005,0,0.001,0,0.051,0,0,0.118,0.025,0,0.005,0,0,0,0,0,0,0,0,0,0.058,0,0.043,0,0.003,0,0.013,0,0,0.028,0,0.074,0.035,0,0,0.069,0.005,0.033,0.009,0.02,0,0.045,0,0.073,0,0.063,0.072,0.095,0,0.202,0.124,0,0,0,0.014,0,0,0.047,0,0,0.041,0,0.008,0.013,0.014,0.005,0
78,149,5,0.053,0,0,0,0,0,0,0,0,0,0,0,0,0.036,0,0.017,0,0.008,0,0.008,0.007,0.017,0,0,0,0,0.088,0.045,0,0,0.021,0.061,0.047,0,0.011,0,0.009,0,0.005,0,0,0,0,0,0,0.013,0,0,0.031,0,0,0.009,0.006,0.037,0.005,0.011,0.037,0.075,0,0.024,0,0,0,0.023,0.026,0,0,0,0,0,0,0.022,0,0,0,0.035,0.002,0,0.009,0.001,0,0.012,0.004,0.028,0,0.05,0.033,0.053,0,0.035,0.024,0.04,0,0,0,0.007,0.107,0.064,0.018,0,0,0.023,0.05,0,0,0,0,0,0,0.022,0,0.008,0.011,0,0.037,0.031,0.026,0,0.018
79,150,6,0.038,0,0,0.044,0,0,0,0.015,0,0,0,0,0,0.024,0,0.023,0,0.002,0.048,0.012,0.048,0.003,0.039,0.046,0.062,0.05,0.039,0,0.076,0.021,0.017,0.002,0.019,0.007,0.001,0,0,0,0.015,0.034,0,0.066,0,0.073,0,0.025,0,0.025,0.009,0.002,0,0.032,0.018,0.031,0.013,0,0.032,0,0,0,0.03,0,0.01,0.059,0.006,0,0,0,0,0,0.029,0,0,0.003,0,0,0,0.039,0.017,0.002,0.023,0.023,0.019,0.043,0,0.015,0.011,0.096,0.046,0.005,0.015,0,0.041,0,0,0.03,0,0.075,0,0.02,0.108,0.032,0.07,0,0,0,0.011,0,0,0,0.006,0,0.017,0.012,0.004,0,0,0,0
80,151,7,0,0,0,0,0,0,0,0.031,0,0,0,0,0,0.013,0,0,0.036,0,0,0,0.033,0.035,0.048,0.054,0.045,0.047,0,0.009,0,0.046,0.047,0,0,0.013,0.009,0,0.031,0,0,0,0,0.04,0.014,0,0.007,0,0,0,0,0.003,0,0,0,0,0.035,0.006,0.003,0.037,0,0.033,0,0.002,0,0.012,0,0,0,0.011,0,0,0,0,0,0.028,0,0.008,0.033,0,0.024,0.03,0,0.029,0.013,0.045,0.008,0.02,0,0.029,0.046,0.003,0.053,0.07,0,0,0,0.015,0.01,0.03,0.012,0,0,0,0,0,0,0.004,0.025,0,0,0,0,0,0.065,0,0,0.019,0.033,0.007,0.037
81,152,8,0,0,0,0,0,0.034,0,0.068,0,0,0.015,0,0,0,0,0,0,0.005,0.044,0,0.009,0,0,0.049,0.061,0.025,0,0,0,0.009,0,0,0.071,0.007,0.001,0,0,0.007,0,0.018,0.004,0.08,0,0,0,0,0,0,0.077,0.04,0.009,0.028,0,0,0.002,0,0,0,0.07,0,0.04,0,0,0.052,0,0,0,0,0,0,0,0.007,0,0.033,0,0,0.052,0.027,0.009,0,0,0.073,0.025,0.039,0,0,0.024,0.042,0.049,0.016,0.059,0.008,0,0.173,0.015,0.073,0.008,0.013,0.022,0.04,0.011,0.015,0.1,0.01,0.036,0,0,0,0.032,0.011,0.131,0.024,0.02,0.01,0.058,0,0.004,0.013,0.016
82,153,9,0.084,0,0.003,0.033,0,0,0.007,0,0,0,0,0,0.041,0,0,0,0.052,0.004,0.01,0.018,0.047,0.026,0.017,0.065,0.009,0.011,0.158,0.083,0,0,0,0.012,0.057,0.033,0.069,0.017,0.038,0.084,0.052,0.047,0,0,0.014,0.061,0.066,0.09,0.078,0.007,0,0.091,0.008,0.062,0.049,0.15,0.05,0.011,0.062,0,0.03,0,0,0,0.049,0.105,0,0,0,0.033,0.019,0,0,0.01,0,0,0.014,0.004,0,0,0.028,0.005,0.033,0.019,0.025,0.076,0,0.07,0.019,0.025,0.072,0.01,0.005,0.144,0.086,0.104,0,0.006,0,0.089,0.092,0.055,0.013,0.073,0.098,0.003,0,0,0,0.046,0,0,0.008,0.054,0.04,0.104,0.161,0.04,0.025,0,0.041
83,154,10,0.098,0.016,0,0.03,0.068,0.04,0.038,0,0.031,0,0.043,0,0,0,0,0.02,0.074,0.042,0,0.016,0.017,0.021,0.033,0.025,0.013,0.12,0.179,0,0.024,0,0,0.019,0.057,0.184,0.125,0.05,0.075,0.031,0,0.038,0.022,0,0.004,0.045,0.069,0.041,0.097,0,0.007,0.139,0.021,0.045,0.073,0.059,0,0.007,0.029,0,0.035,0,0,0,0.014,0.023,0,0,0,0.026,0.024,0.092,0,0,0,0.015,0.08,0.024,0.023,0,0.053,0,0.018,0.016,0.054,0.126,0,0.106,0.006,0,0.037,0.005,0.094,0.035,0,0,0.127,0.141,0.017,0.015,0,0.127,0.022,0,0.102,0.053,0,0,0,0,0,0.044,0,0.028,0.064,0.068,0.023,0.044,0.045,0,0.038
84,155,11,0.009,0.014,0.009,0,0,0.048,0.004,0,0,0.047,0,0,0.011,0,0,0.015,0.082,0.006,0.027,0.009,0.034,0,0,0.031,0.044,0.026,0.06,0.11,0.104,0.039,0,0.022,0,0,0,0,0.03,0.005,0.077,0.009,0.008,0.11,0,0,0.079,0.115,0.112,0.117,0,0,0.045,0.052,0,0,0.023,0.011,0.051,0.062,0.011,0.073,0,0.046,0,0.003,0,0,0.062,0.015,0.032,0,0.014,0.029,0.015,0,0,0,0,0,0.009,0.014,0.018,0.009,0,0.041,0,0.027,0,0.004,0,0,0.145,0.108,0.137,0.001,0.135,0.042,0,0.052,0.059,0.061,0,0.074,0.094,0.035,0,0.107,0.009,0.102,0.06,0.053,0,0.087,0,0.096,0.12,0,0.155,0.01,0.012
85,156,12,0,0.085,0,0,0,0.018,0,0,0,0,0.011,0,0,0,0,0.007,0.025,0.042,0.037,0,0.04,0,0.037,0.008,0.028,0.113,0.014,0.077,0,0.006,0,0.089,0,0.041,0.117,0.062,0,0.061,0.108,0.017,0.05,0.031,0.101,0.061,0.12,0.03,0.072,0.039,0,0.024,0.02,0.023,0.078,0,0.037,0.046,0.068,0,0,0.043,0.091,0,0,0.032,0.044,0,0,0.042,0.095,0,0,0,0,0,0,0,0,0,0.029,0,0,0.01,0.052,0.05,0,0.015,0.006,0.009,0.015,0.011,0.044,0.024,0,0,0.047,0.16,0.009,0.081,0.091,0,0.097,0.023,0,0.055,0.001,0.153,0,0,0.006,0,0,0,0.005,0.103,0.108,0.016,0,0,0.063
86,157,13,0.002,0.014,0.04,0,0.07,0,0.005,0.008,0.01,0,0,0,0.029,0,0,0,0.034,0.016,0.057,0.029,0.003,0.002,0.037,0,0.028,0,0.015,0.087,0.007,0,0,0.108,0,0,0.108,0.197,0.077,0.007,0.022,0.041,0.172,0,0.165,0.018,0.017,0.083,0.114,0.033,0.069,0,0,0.065,0,0.06,0.019,0.027,0.131,0.015,0,0.036,0,0.271,0.073,0.034,0,0,0.01,0.005,0,0,0.051,0.006,0,0.028,0,0.007,0,0.005,0.029,0.047,0.005,0.017,0.055,0.001,0.014,0.129,0,0,0.036,0.023,0.029,0.075,0,0.003,0,0,0.207,0.126,0.105,0.235,0.043,0.217,0.076,0.056,0,0.093,0.032,0.022,0.132,0,0,0.042,0.037,0.176,0.133,0.003,0.063,0.028,0.085
87,158,14,0.045,0,0.051,0.052,0,0.057,0.009,0,0.032,0,0.022,0,0,0.024,0,0,0.042,0,0,0,0.011,0.033,0.012,0.032,0.02,0.04,0.091,0.166,0.014,0.051,0.036,0.005,0,0,0,0,0.047,0,0,0,0,0.04,0,0,0,0.03,0.138,0.112,0,0,0.005,0,0,0,0.008,0.01,0.018,0.017,0,0,0.034,0.052,0,0.025,0.014,0.007,0,0.012,0.008,0,0.016,0,0,0.037,0,0,0.023,0.039,0,0.002,0.036,0.029,0.013,0.028,0,0.072,0.001,0,0.009,0,0.01,0.038,0.045,0,0.012,0.09,0.241,0,0.14,0.085,0,0.048,0,0.091,0.013,0.039,0.007,0,0,0,0.006,0.1,0.041,0.148,0.048,0,0.013,0.115,0.059
88,159,15,0,0,0.017,0,0,0,0.001,0.017,0,0.07,0.003,0,0.007,0,0.021,0,0.002,0,0,0,0.029,0,0.051,0.028,0.047,0.053,0.04,0.067,0,0,0.009,0,0.079,0.015,0,0.051,0.036,0.039,0.095,0,0,0.123,0,0.123,0.057,0.078,0.02,0.044,0.037,0.07,0.053,0.018,0.003,0,0,0,0.032,0,0.051,0,0.024,0.113,0,0.035,0,0,0.015,0.016,0,0,0.036,0,0.005,0,0.03,0,0,0,0.016,0.036,0.013,0.014,0.029,0,0,0.057,0,0,0.026,0,0.002,0.107,0.023,0.083,0,0.005,0.043,0.066,0.06,0.056,0,0.075,0.058,0.035,0,0,0,0,0.023,0.046,0,0,0.057,0.061,0,0,0.023,0.024,0.05
89,160,16,0,0,0,0,0,0,0.016,0,0,0,0,0,0,0.109,0.007,0,0,0.047,0,0.006,0.018,0,0.018,0.047,0,0.136,0.184,0.04,0,0,0.003,0.036,0.01,0,0.01,0.039,0.033,0.101,0.052,0.016,0.02,0.126,0.142,0.097,0.063,0.124,0,0.052,0,0.01,0.09,0.035,0,0,0.022,0.052,0.025,0,0,0.008,0.005,0.004,0,0,0,0.037,0,0,0,0,0,0,0.227,0,0,0.018,0,0,0,0.014,0,0.034,0.044,0.055,0,0,0.044,0,0.033,0.007,0.011,0,0.196,0.028,0,0.06,0.047,0,0.059,0.073,0.043,0.073,0.004,0.062,0,0,0.024,0.023,0,0,0,0.021,0,0.076,0.01,0.023,0.029,0.043,0.107
90,161,17,0.056,0.014,0.026,0,0,0.04,0.061,0.012,0.017,0.169,0.109,0,0.09,0.037,0.048,0.034,0.057,0,0.064,0,0.011,0.012,0.041,0.037,0.005,0.348,0.275,0.075,0.022,0.189,0.058,0,0.021,0,0.019,0.075,0.069,0.083,0.041,0.057,0.037,0.089,0.114,0,0.152,0.023,0.058,0.031,0,0.066,0.057,0,0.023,0.048,0.04,0.023,0.044,0,0,0,0.02,0.005,0,0.097,0.126,0.036,0.02,0.033,0.008,0,0,0,0.119,0.102,0.079,0.054,0.056,0.007,0.07,0.055,0.045,0.077,0.103,0.121,0.16,0.194,0.058,0.105,0.108,0.044,0.285,0.077,0.023,0.089,0,0.235,0.129,0.057,0.21,0.04,0,0.097,0.049,0.034,0.087,0,0.024,0.054,0.038,0.147,0,0.023,0.081,0.012,0,0.06,0.193,0.023,0.168
91,162,18,0.028,0.001,0.027,0.044,0.025,0.021,0.002,0.043,0.042,0.027,0.061,0.102,0.056,0.184,0.04,0.156,0.068,0.156,0.045,0.124,0.02,0.091,0.17,0.042,0.036,0.12,0.07,0.206,0.105,0.112,0.008,0.018,0.074,0,0.02,0,0,0,0,0,0,0.099,0,0.061,0,0.031,0,0.024,0,0.029,0,0.018,0,0.093,0.059,0.018,0.042,0,0,0,0,0,0,0.008,0,0,0,0,0,0,0.089,0,0.173,0.097,0.079,0.149,0.089,0.038,0.103,0.086,0.006,0.087,0.234,0.149,0.258,0.015,0.157,0.085,0.048,0.056,0.092,0.02,0.011,0.116,0.123,0.033,0.007,0.147,0,0.067,0,0.023,0,0.078,0.01,0.068,0.019,0,0.004,0,0,0,0.017,0.012,0.012,0.032,0.068,0,0.085
92,163,19,0.033,0.002,0.058,0,0.013,0.04,0.046,0.068,0.073,0.051,0.115,0.13,0.041,0.071,0.18,0.113,0.021,0.098,0,0.179,0.165,0.183,0.127,0.183,0.044,0.192,0.145,0.141,0.078,0.108,0.028,0.007,0.056,0.01,0.061,0.099,0,0,0.023,0.044,0,0.035,0.085,0,0.054,0,0.1,0.014,0.06,0.023,0.01,0,0,0,0.049,0.041,0.025,0,0,0,0,0.013,0.014,0.126,0.027,0.028,0,0.005,0,0.069,0,0.014,0.066,0.102,0.108,0.344,0.176,0.067,0.026,0.032,0.075,0.292,0.189,0.168,0.157,0.175,0.033,0.033,0.117,0.05,0.101,0.05,0,0,0.085,0,0.012,0,0.157,0.025,0,0.044,0.032,0.076,0.014,0,0,0,0,0,0.01,0.054,0.028,0.103,0,0.047,0.046,0.099,0.118
93,164,20,0.016,0.003,0.04,0,0.027,0.009,0.037,0.005,0.11,0.12,0.034,0.051,0.053,0.01,0.103,0.112,0,0,0.052,0.045,0.018,0.021,0.014,0.004,0.009,0.171,0.121,0.197,0.165,0.062,0.064,0.01,0.054,0,0.23,0.006,0,0,0,0,0,0.024,0,0.041,0,0,0.032,0,0,0,0,0,0.01,0,0,0.028,0,0,0,0,0,0,0,0.011,0,0,0,0,0.008,0,0,0,0.08,0.079,0.173,0.025,0.09,0.053,0.009,0.029,0.104,0.067,0.07,0.111,0.054,0.139,0.073,0,0.062,0.022,0.124,0.007,0,0.063,0.029,0.151,0.045,0.12,0.066,0,0.065,0.024,0,0,0,0,0,0.069,0.011,0,0,0.015,0.025,0.025,0,0.08,0.103,0.046,0.049
94,165,21,0.064,0.066,0,0,0.108,0.107,0.061,0.029,0.085,0.118,0.101,0.048,0.04,0.074,0.132,0.029,0,0.04,0.002,0.007,0.08,0.055,0.019,0.011,0.05,0.005,0.03,0.221,0.324,0.017,0.024,0.001,0.007,0.043,0.046,0.137,0.066,0.03,0.011,0.061,0.169,0.063,0,0,0.033,0.057,0.021,0.065,0,0,0.039,0.088,0.009,0.049,0,0.015,0.037,0.029,0,0,0,0.075,0,0.055,0.109,0,0.013,0,0.016,0.057,0.037,0,-0.012,0.106,0.124,0.09,0.089,0.134,0.061,0.032,0.025,0.098,0.131,0.069,0.052,0.164,0.078,0.04,0.054,0.092,0.102,0.118,0.061,0.092,0,0,0.17,0.097,0.204,0.336,0,0.217,0.02,0.061,0,0,0.103,0.108,0.02,0.049,0.068,0.059,0.058,0.069,0.047,0.06,0.098,0.13,0.014
95,166,22,0.039,0.021,0,0.063,0.011,0.003,0.049,0.025,0.004,0.095,0.032,0.051,0.243,0.088,0.224,0.094,0,0.008,0.105,0.058,0.081,0.09,0.033,0.044,0.041,0.108,0.083,0.101,0.055,0.014,0.049,0,0.131,0,0,0,0,0,0.021,0.07,0.046,0.082,0,0.01,0,0.099,0.111,0.008,0.019,0.001,0,0,0,0.013,0,0.061,0,0,0,0.028,0.022,0,0,0.011,0.104,0,0.013,0,0,0,0.042,0,0.124,0,0.067,0.099,0.123,0.039,0.078,0.033,0,0.034,0.116,0.049,0.025,0,0.045,0.072,0.153,0.06,0.107,0.014,0,0,0.17,0.053,0,0.05,0,0,0.01,0.1,0.013,0,0,0,0,0.006,0,0,0,0.059,0.025,0.034,0,0.028,0.037,0.032,0.047
96,167,23,0.007,0.109,0.021,0.048,0.054,0.044,0.026,0.018,0.031,0.074,0.112,0.076,0.095,0.049,0.106,0.073,0,0.033,0.164,0.092,0.124,0.08,0.074,0.046,0.081,0.038,0.059,0.129,0.075,0.036,0.057,0.213,0,0,0,0.116,0.077,0,0,0.068,0.103,0.05,0,0.004,0.037,0.121,0.015,0.041,0,0,0,0.062,0,0,0.021,0,0.013,0,0,0,0.019,0,0,0.005,0.049,0,0.071,0,0.077,0.039,0.013,0,0.066,0.091,0.153,0.02,0.072,0.027,0.08,0.015,0.06,0.001,0.051,0.032,0,0.105,0.102,0.06,0.027,0.037,0.101,0.078,0.055,0.108,0.114,0.142,0.13,0.22,0.098,0.027,0,0.192,0.05,0.061,0,0,0,0,0.009,0.075,0,0.057,0,0.061,0.016,0.041,0.048,0.11,0.12
97,168,0,0,0,0,0.017,0.014,0,0,0.042,0.025,0.037,0,0.06,0,0.053,0,0,0.036,0,0,0.022,0.072,0,0.077,0.078,0.021,0.078,0.012,0.274,0.17,0,0.024,0.031,0,0,0,0,0,0.121,0.005,0.079,0.098,0.067,0,0.042,0.02,0,0,0.035,0.033,0.01,0.067,0,0,0.005,0.047,0.012,0.015,0,0,0,0,0.026,0.038,0.023,0,0,0,0,0.049,0,0,0,0,0.085,0.069,0.014,0.016,0,0.043,0.014,0.033,0.018,0,0.047,0.093,0.059,0.067,0.039,0.03,0.006,0.029,0,0.055,0.242,0,0.074,0.029,0.026,0.071,0.028,0,0.119,0.089,0.02,0,0,0.041,0.054,0.063,0.049,0,0,0,0.057,0,0,0.081,0.048,0
98,169,1,0,0,0,0,0,0,0,0,0.004,0,0.035,0,0.083,0.101,0.069,0,0.03,0.02,0.052,0.073,0.051,0.065,0.03,0.032,0,0.115,0.028,0.093,0,0.009,0.056,0.054,0.067,0,0.032,0.072,0.053,0.048,0.086,0.026,0.039,0,0.053,0,0.053,0.03,0.011,0.031,0.056,0,0,0,0.076,0.011,0.117,0.068,0.006,0,0,0,0.002,0,0,0.053,0.113,0,0,0,0,0,0,0,0.009,0.083,0.039,0.052,0,0.04,0,0,0.02,0.044,0.085,0.019,0.068,0.025,0,0.048,0.031,0,0.097,0.029,0.012,0.049,0,0.083,0,0.11,0.032,0.152,0,0.026,0.123,0.016,0,0.057,0,0.016,0.067,0.066,0,0.076,0.003,0.003,0,0.013,0.045,0.113,0.064
99,170,2,0,0,0,0,0,0,0,0.04,0.015,0,0.011,0.025,0,0.101,0.012,0,0,0,0.031,0.042,0.054,0.029,0.041,0.062,0,0,0.128,0.162,0.106,0.169,0.033,0.019,0.004,0,0,0.019,0.022,0.02,0,0,0,0,0,0.056,0.047,0,0,0,0,0.008,0.016,0.05,0,0.066,0,0.006,0.022,0,0,0.018,0.027,0,0,0,0,0,0,0,0,0,0,0.033,0,0.03,0,0.023,0.036,0,0,0,0.022,0.043,0.04,0.009,0.084,0.047,0.025,0.001,0.019,0.017,0.044,0.033,0.011,0.057,0,0,0,0.028,0.004,0.146,0,0,0.057,0.037,0.026,0,0.037,0,0,0,0,0,0.018,0.001,0,0,0,0,0
100,171,3,0,0,0,0,0,0,0,0,0,0.006,0.004,0,0,0,0,0.046,0,0,0.048,0.025,0.089,0,0,0.035,0.012,0.243,0.127,0.06,0.007,0.314,0.04,0.104,0,0.001,0.051,0,0,0,0,0,0,0,0.037,0,0.004,0,0,0.047,0,0,0,0.018,0,0,0,0.079,0.049,0,0.012,0,0,0,0,0.015,0.077,0,0,0.013,0,0,0,0,0,0.028,0,0,0,0.041,0,0,0,0,0,0.006,0,0.046,0.005,0.035,0.008,0.017,0.02,0,0,0,0,0.008,0.069,0.005,0.072,0,0,0.048,0.046,0,0,0,0.056,0,0,0.038,0.115,0.03,0.054,0,0.015,0,0.026,0,0.022
101,172,4,0,0.001,0,0,0,0.01,0,0,0,0,0.021,0,0,0,0,0,0,0,0.011,0,0,0.018,0.016,0.018,0.005,0.135,0,0.048,0.023,0,0.041,0.021,0.023,0,0,0,0,0.022,0,0,0.004,0,0,0.054,0,0,0,0,0.024,0,0,0.005,0,0,0.038,0,0.01,0.024,0,0,0,0.081,0,0,0,0,0.025,0,0.001,0,0,0.017,0.032,0.012,0.015,0.01,0,0,0,0,0,0.033,0.013,0,0.128,0,0.006,0.02,0,0.019,0.061,0,0,0.094,0.021,0,0.094,0.036,0,0.223,0,0.071,0.106,0,0,0,0,0,0,0,0,0.025,0.026,0.01,0,0.041,0,0.032,0
102,173,5,0,0,0,0,0,0,0,0,0.048,0.173,0,0,0,0,0,0,0,0,0.049,0,0.026,0,0.034,0.054,0.027,0.041,0,0.064,0.001,0.054,0.091,0.006,0.019,0,0,0,0,0.009,0,0,0,0.074,0,0.039,0.06,0,0,0.009,0,0,0,0.006,0.035,0.003,0.019,0.037,0.031,0.051,0,0.057,0.023,0.004,0.053,-0.003,0,0,0,0.01,0.001,0,0,0,0,0.026,0.026,0,0,0,0.052,0.014,0,0.056,0,0.028,0,0.066,0.049,0,0.045,0.013,0.029,0.027,0,0,0,0.073,0,0.357,0,0.005,0.021,0.072,0.016,0.02,0.013,0,0,0,0,0.016,0,0.021,0.031,0,0.017,0.02,0.011,0.009,0
103,174,6,0,0,0.027,0,0,0,0.013,0.045,0,0.005,0.015,0,0.003,0,0,0,0.044,0,0,0.009,0.024,0,0,0.014,0.058,0.003,0,0,0.02,0.046,0.037,0.009,0,0.004,0.053,0.009,0.025,0,0,0.011,0.018,0,0,0.078,0,0.097,0,0.029,0.023,0,0.026,0.08,0,0.076,0.018,0.029,0.001,0,0,0,0,0.054,0,0,0.028,0,0,0.003,0.041,0,0,0,0,0,0,0,0,0.017,0,0.022,0.003,0.032,0.013,0.038,0.006,0,0.082,0,0.026,0.023,0.032,0,0.076,0.09,0,0.153,0.073,0.07,0.128,0.045,0,0.001,0.065,0.064,0,0,0,0,0,0,0,0.021,0.024,0.007,0.019,0,0,0.038,0.012
104,175,7,0,0,0,0.013,0,0,0.013,0.025,0.009,0.042,0,0,0.006,0,0,0,0.044,0.04,0.018,0,0.023,0.021,0.035,0.006,0,0.065,0.069,0,0.051,0.014,0,0.01,0,0,0,0,0.033,0.018,0.009,0,0,0.054,0.044,0,0,0,0,0.024,0.009,0.033,0,0,0.024,0.006,0,0.02,0.031,0.048,0,0,0.063,0.01,0,0.006,0,0,0,0.013,0.031,0,0.024,0,0,0,0,0,0.003,0,0.026,0.007,0,0.048,0,0.019,0,0.039,0.064,0,0,0.025,0.017,0,0,0,0,0.048,0.008,0.053,0,0.029,0,0.049,0,0,0,0.023,0.007,0,0,0.017,0,0,0.023,0,0,0,0,0,0
105,176,8,0,0,0.034,0,0,0.022,0,0,0.018,0,0,0,0,0.01,0,0,0,0.139,0.017,0.005,0.053,0.035,0.031,0.005,0.025,0.009,0.036,0,0.07,0.001,0.021,0.003,0,0,0.016,0.008,0.117,0.009,0,0.005,0.038,0.013,0,0.005,0,0.027,0,0.022,0,0,0.052,0.014,0.036,0,0,0.011,0,0,0,0.063,0.029,0.003,0.04,0,0,0,0,0,0.008,0,0.032,0,0,0.023,0.04,0,0,0.041,0.018,0,0.021,0.036,0.066,0.037,0,0.024,0.077,0.025,0,0.022,0.005,0,0,0,0,0.037,0.005,0.06,0,0.02,0,0.047,0.133,0,0.011,0,0,0.013,0,0,0,0,0,0,0.011,0,0,0,0.007
106,177,9,0.061,0.045,0.03,0,0.005,0,0,0,0.018,0,0,0,0.002,0.012,0,0,0,0.005,0.02,0.013,0,0,0.004,0,0.007,0.017,0.09,0,0.032,0.065,0,0,0.049,0,0,0.04,0,0.015,0.046,0.083,0,0,0.004,0,0.01,0.044,0.097,0.029,0.013,0.029,0,0.024,0,0.233,0.026,0.044,0.037,0,0.032,0,0,0.022,0.029,0.01,0,0,0,0.012,0,0,0,0.038,0,0.012,0.04,0.046,0,0,0.019,0,0,0.009,0.013,0.027,0,0,0.073,0,0,0.042,0.06,0.05,0.065,0.001,0,0.017,0.012,0.033,0.032,0.013,0,0.121,0.029,0,0.041,0.008,0,0,0.046,0,0.003,0.024,0.02,0,0.019,0.028,0.015,0,0
107,178,10,0.06,0.02,0.023,0,0,0,0,0,0.057,0,0,0,0.07,0.008,0,0.02,0.063,0.008,0.019,0.006,0.008,0,0.001,0.023,0,0.013,0.054,0,0.168,0.037,0,0.038,0,0.08,0,0.073,0.036,0.023,0.032,0.045,0.056,0.046,0,0,0,0.052,0.136,0.003,0.055,0,0.031,0.057,0.061,0.001,0.038,0,0.031,0,0.016,0.019,0,0.012,0.16,0.02,0,0,0,0.011,0.016,0,0,0,0,0.021,0,0.014,0,0,0,0.005,0,0.028,0.066,0.009,0,0.106,0.047,0,0.025,0.008,0.023,0,0.225,0,0,0.075,0.014,0.077,0.179,0.007,0,0.097,0.087,0.07,0.002,0,0,0,0.017,0,0.053,0.068,0.126,0,0.02,0.011,0.036,0,0.035
108,179,11,0.039,0.005,0.041,0,0,0,0,0,0,0,0.037,0,0.015,0.031,0,0,0.059,0,0.034,0.006,0.023,0.07,0.054,0,0.037,0.019,0.028,0.127,0.032,0.108,0,0,0,0.117,0,0,0,0.046,0.021,0,0.064,0,0.087,0,0.095,0.002,0.023,0.118,0.076,0.034,0,0.009,0.007,0,0.068,0,0.034,0,0,0,0,0.069,0,0.071,0,0,0,0.025,0.016,0,0.061,0.039,0,0,0,0,0,0.035,0.01,0,0,0.004,0.052,0.018,0,0.024,0.058,0.008,0,0.027,0.04,0,0.093,0,0.083,0,0.018,0.139,0.047,0.034,0,0.072,0.142,0.076,0.026,0,0.035,0.017,0,0.019,0,0.056,0.015,0.013,0.015,0.002,0.043,0,0.042
109,180,12,0.039,0.038,0.071,0,0.035,0,0,0.023,0.017,0,0,0,0.018,0,0.049,0,0.031,0.003,0.003,0.014,0.087,0,0.019,0.066,0.011,0,0.108,0.088,0.119,0.023,0.08,0.03,0,0.04,0.076,0.134,0,0.067,0.104,0.07,0,0.044,0.039,0.102,0.102,0.042,0.033,0.06,0.029,0.19,0.056,0.009,0.05,0.008,0.078,0,0.014,0,0,0,0,0,0,0,0.018,0,0,0.024,0.022,0,0.013,0,0,0,0.043,0,0,0.022,0,0.01,0,0.02,0.027,0.027,0.021,0.017,0.006,0,0,0.016,0.031,0.002,0,0.006,0,0.04,0.032,0,0,0,0.03,0.096,0.013,0.03,0,0,0.03,0.029,0.033,0.35,0.024,0.017,0.036,0,0,0.007,0.02,0.059,0.075
110,181,13,0.043,0.009,0.033,0,0,0,0.016,0,0.025,0,0.009,0,0,0,0,0.043,0.013,0.001,0,0.013,0,0,0.006,0.013,0.022,0.006,0,0.047,0,0,0.022,0.091,0.044,0,0.046,0.103,0.048,0,0,0,0,0,0.005,0,0,0,0,0,0.032,0,0,0,0.006,0.034,0,0.005,0.019,0.017,0,0.024,0.027,0,0.099,0.042,0,0,0,0,0.004,0,0,0,0,0,0,0,0,0,0,0.015,0.024,0.002,0.041,0.015,0,0,0.065,0.02,0.059,0.044,0,0.007,0.068,0.379,0.094,0.033,0,0.037,0,0.054,0,0.122,0.145,0.01,0.056,0.04,0.01,0,0,0.032,0.047,0.011,0.024,0,0,0.067,0.01,0.046,0.073
111,182,14,0.069,0.017,0.046,0,0,0,0,0,0,0,0,0.035,0,0.043,0,0,0,0.026,0,0.009,0,0.041,0.029,0,0.016,0.012,0,0.014,0.02,0.002,0.087,0,0.013,0.036,0.107,0.025,0,0.182,0.027,0,0.122,0.055,0.014,0.034,0.05,0,0.02,0.026,0.089,0.046,0.023,0.019,0.052,0,0.024,0.044,0.013,0.125,0,0,0,0.102,0,0.058,0.02,0,0,0,0.028,0,0,0.026,0,0,0,0.026,0,0,0.025,0,0,0.013,0,0,0.089,0.048,0.064,0.06,0.032,0.043,0.129,0.081,0.092,0.011,0,0.141,0.17,0.027,0.057,0.208,0.01,0.072,0.001,0.066,0,0,0.048,0.038,0.055,0,0,0.04,0.017,0.04,0.075,0.029,0,0.056,0.009
112,183,15,0.003,0,0.045,0,0.014,0,0,0,0.008,0,0,0,0.007,0.026,0,0,0.061,0.032,0,0.002,0.03,0,0.002,0,0.029,0.059,0,0.123,0,0,0.036,0.011,0.015,0,0,0,0,0,0,0,0,0.011,0,0,0,0,0.031,0.002,0,0,0,0,0.029,0,0.007,0,0.005,0.039,0,0,0.013,0.041,0,0,0,0,0,0,0.037,0,0,0,0.023,0.009,0.022,0,0,0,0,0,0.026,0.047,0.012,0,0,0,0.056,0.003,0.027,0.074,0.019,0.037,0,0.007,0,0,0.002,0.064,0.071,0.006,0,0.097,0.086,0.06,0.002,0,0,0.04,0,0,0.003,0.09,0,0.034,0,0.037,0.058,0,0.095
113,184,16,0,0,0,0,0,0,0,0,0,0,0.008,0.044,0,0,0,0,0.009,0.002,0,0.025,0,0.008,0,0,0.054,0.061,0.035,0,0.014,0,0.037,0.011,0,0.07,0,0,0.043,0,0.057,0.056,0.041,0.054,0,0,0,0.043,0.012,0.009,0,0,0,0,0.056,0.016,0,0,0.006,0.009,0,0.017,0,0,0,0,0.053,0,0,0,0.01,0,0,0,0,0,0,0.02,0,0,0,0.006,0.053,0.116,0,0.045,0,0,0.083,0.085,0.078,0.002,0.176,0.075,0.114,0,0.066,0.048,0.108,0.069,0,0,0,0.048,0,0.122,0,0,0.001,0.022,0,0.087,0.038,0.035,0.021,0,0.038,0.069,0.032,0.011,0.018
114,185,17,0.047,0.008,0.018,0,0,0.031,0.018,0,0.011,0.026,0.024,0,0.112,0.042,0,0.089,0,0.034,0.033,0.267,0,0.006,0.014,0.003,0.061,0.013,0.101,0,0.168,0.066,0.166,0.397,0.044,0.047,0,0.047,0,0,0.075,0,0.033,0.115,0,0,0.038,0,0.021,0.132,0,0.076,0.025,0.019,0.036,0,0.066,0.022,0.012,0.108,0.043,0,0,0.05,0,0,0,0,0.023,0.028,0,0,0.037,0.013,0.074,0.058,0.053,0.137,0.071,0.011,0.027,0.046,0.013,0.06,0.131,0.103,0.078,0.081,0.107,0.114,0.2,0,0.067,0,0.046,0,0,0,0,0.036,0.039,0.141,0.028,0.12,0,0.044,0,0,0,0,0,0,0.027,0.028,0.027,0,0,0.038,0,0.029,0.032
115,186,18,0.067,0.06,0.04,0,0.011,0.046,0.039,0.034,0.017,0,0,0,0.055,0,0.171,0.129,0.013,0.184,0.043,0.073,0.001,0.039,0.15,0.1,0.151,0.08,0.012,0.126,0.089,0.051,0.172,0.249,0.159,0,0,0,0,0,0,0,0,0.056,0,0,0,0.041,0,0.023,0.062,0,0,0,0.007,0,0.006,0.009,0,0.002,0,0,0.052,0.069,0,0,0,0.029,0.049,0.06,0.006,0,0.024,0,0.258,0.177,0.132,0.117,0.071,0.039,0.077,0.112,0.101,0.06,0.11,0.124,0.16,0.059,0.075,0.04,0.132,0.02,0.136,0,0.057,0,0,0.04,0,0.036,0,0,0,0.049,0.033,0,0,0,0,0.005,0,0,0.036,0,0.045,0.012,0.042,0,0.001,0.002,0
116,187,19,0.061,0.037,0.056,0.044,0.041,0.063,0.062,0.047,0.047,0.295,0.009,0.046,0.055,0.109,0.058,0.109,0,0.064,0.132,0.048,0.004,0.095,0.071,0.136,0.142,0.066,0.056,0.035,0.103,0.073,0.032,0.483,0.045,0.031,0,0,0,0.011,0,0.042,0.04,0,0,0,0,0,0,0,0.06,0.027,0,0.023,0.006,0.102,0.015,0,0.014,0.082,0,0,0,0.015,0,0.028,0,0.071,0.053,0.025,0.004,0,0,0,0.172,0.068,0.08,0.104,0.071,0.174,0.01,0.086,0.126,0.037,0.184,0.011,0.077,0.052,0.106,0.037,0.335,0.014,0.026,0,0,0.045,0.144,0,0.037,0.066,0.059,0.028,0,0.073,0.137,0.016,0.03,0.027,0.01,0.04,0,0.032,0.023,0.04,0.031,0,0,0.057,0.032,0.037,0.104
117,188,20,0.016,0.006,0.026,0.06,0,0.034,0.057,0,0.045,0.102,0.019,0.054,0.057,0.142,0.123,0.057,0.034,0.004,0.003,0.024,0.077,0.102,0.031,0,0.1,0.09,0.11,0.035,0.065,0.118,0.143,0.118,0.173,0.045,0.008,0.054,0,0.032,0,0.061,0.034,0,0,0,0,0,0,0,0.053,0,0,0.024,0,0.057,0.008,0.009,0,0.015,0,0.025,0,0,0,0.048,0.026,0.055,0.016,0.01,0.002,0.004,0.049,0.01,0.081,0.156,0.173,0.105,0.037,0.095,0.016,0.008,0.075,0.115,0.092,0.061,0.055,0.058,0.055,0,0.086,0.045,0.043,0,0,0.143,0.052,0,0.053,0.039,0.168,0.058,0,0.048,0.114,0.055,0.029,0,0,0.008,0,0.017,0.036,0,0.016,0,0,0.042,0.04,0,0.042
118,189,21,0.07,0,0.002,0.015,0.005,0.027,0.046,0,0.103,0.128,0.249,0.11,0.124,0.04,0.095,0.154,0.029,0.018,0.052,0.007,0.318,0.029,0.091,0.037,0.027,0.072,0.094,0,0.133,0.027,0.114,0.049,0.067,0.058,0.171,0.058,0.088,0.016,0.066,0.053,0.09,0.071,0.097,0.037,0.056,0,0,0.014,0.045,0.07,0.019,0.003,0,0,0.11,0.045,0.052,0.069,0,0,0,0.033,0,0.101,0,0.035,0.089,0.023,0.059,0,0.055,0,0.031,0.025,0.094,0.103,0.092,0.112,0.009,0.066,0.058,0.037,0.067,0.071,0.158,0.094,0.06,0.053,0.092,0.03,0.06,0.032,0.014,0.071,0,0.019,0.036,0.034,0.173,0,0.093,0.072,0.016,0,0,0,0,0,0,0.049,0,0,0,0,0,0.049,0,0,0.016
119,190,22,0.087,0.008,0,0.087,0.003,0.057,0.008,0.058,0.033,0.064,0.065,0.146,0.111,0.036,0.148,0.161,0,0.005,0.001,0.038,0,0.23,0.098,0.025,0.062,0.183,0.141,0.005,0.152,0.044,0.08,0.075,0.175,0.039,0,0,0,0,0,0.008,0.047,0.073,0,0,0,0,0,0.018,0.133,0.022,0.035,0.004,0,0,0.018,0.014,0.019,0.04,0,0,0.076,0,0,0,0.113,0.028,0,0.035,0,0.032,0,0.081,0.122,0.11,0.079,0.113,0.092,0.107,0.036,0.073,0.073,0.111,0.026,0.047,0.161,0,0.174,0.176,0.073,0.106,0.084,0.097,0,0.314,0.083,0.023,0.034,0.005,0,0.088,0.13,0.121,0.051,0.035,0.013,0,0,0.047,0.067,0.083,0.045,0.06,0.043,0.061,0.025,0.071,0.024,0.046,0.06
120,191,23,0.142,0,0,0,0.052,0.015,0,0,0.026,0.05,0.062,0.074,0.042,0.006,0.168,0.079,0,0.034,0.028,0.018,0.001,0.072,0.083,0.032,0.126,0.145,0.08,0,0.069,0,0.145,0.034,0.074,0.06,0,0,0,0,0,0,0,0,0,0,0,0.026,0,0.028,0,0.023,0,0.015,0,0,0.016,0.026,0.022,0.034,0,0,0.071,0,0,0.068,0,0,0,0.026,0,0.033,0.047,0,0.234,0.129,0.026,0.088,0.056,0.063,0.039,0.081,0.057,0.076,0.078,0.065,0.164,0.011,0.136,0.024,0.064,0.042,0.016,0.028,0.056,0.016,0,0.059,0.068,0,0.043,0,0,0.17,0.139,0.021,0.072,0,0,0.039,0.025,0.069,0,0.029,0.037,0,0,0.046,0,0.079,0.074
121,192,0,0,0.075,0,0.044,0.012,0,0,0.034,0.021,0,0,0.024,0.111,0.025,0.061,0.031,0,0.022,0.08,0.02,0.051,0,0.029,0.006,0.085,0,0.047,0.016,0.065,0.006,0.076,0.065,0,0.063,0.016,0.085,0,0.023,0,0.067,0.098,0,0,0,0.076,0,0,0,0.005,0,0,0,0.002,0,0,0,0,0.002,0,0,0.076,0,0.041,0.012,0.018,0,0.054,0,0,0,0,0,0,0.011,0.081,0.038,0.069,0,0,0.007,0.003,0.015,0.031,0.018,0.06,0,0.012,0.112,0.049,0.004,0,0,0.023,0.068,0,0,0.104,0.071,0.163,0.074,0,0.047,0.104,0.11,0.042,0,0,0.023,0,0.095,0.037,0.041,0.035,0.02,0,0.022,0.023,0.046,0.084
122,193,1,0,0,0,0,0,0,0,0,0.006,0,0.022,0,0,0.002,0,0.024,0,0,0,0.024,0.013,0.039,0.126,0.048,0.07,0.336,0.253,0,0.19,0,0.111,0.034,0.004,0.085,0.093,0.044,0,0.072,0.009,0,0.046,0,0,0,0.057,0,0.04,0.007,0.01,0,0.094,0,0.012,0.02,0,0.021,0.015,0.067,0,0,0.029,0,0,0.016,0,0,0,0,0,0.009,0,0.013,0.046,0.01,0,0.061,0,0.035,0.017,0.032,0.002,0.007,0.031,0,0.009,0.093,0.036,0.045,0.048,0.008,0.04,0.04,0,0,0,0,0.037,0,0.097,0.009,0,0.073,0.081,0.048,0,0,0.024,0,0,0,0,0,0.003,0,0.019,0.018,0.063,0.031,0.005
123,194,2,0,0,0,0,0,0,0,0,0.017,0.031,0,0,0,0.017,0.049,0.057,0,0.005,0.023,0.01,0.005,0.026,0,0.04,0.03,0.022,0.027,0.051,0.004,0.148,0.019,0,0.111,0,0.005,0.001,0.054,0.079,0,0.013,0,0,0,0.128,0.095,0.042,0,0,0,0,0,0,0,0,0.017,0,0.009,0,0,0,0.089,0.023,0,0.027,0,0,0,0,0,0,0,0.012,0,0,0,0.033,0.022,0.029,0.023,0,0.052,0.005,0.023,0.023,0.007,0.064,0.026,0.035,0.031,0.005,0.018,0,0,0,0,0,0.032,0,0.07,0.153,0,0.002,0.035,0,0.029,0,0,0,0,0.005,0,0,0.029,0,0,0,0,0,0
124,195,3,0,0.067,0,0.009,0,0,0,0,0.021,0.011,0,0,0.083,0.008,0,0.065,0,0.025,0.043,0.015,0.014,0,0.052,0.03,0.019,0.052,0.18,0.085,0.088,0.074,0.134,0,0,0,0.09,0.07,0.013,0.051,0,0.049,0.071,0,0.022,0,0.081,0,0,0,0.061,0,0,0.037,0.012,0,0.019,0,0.036,0.067,0,0,0,0,0,0,0.072,0,0,0.044,0,0.041,0,0.054,0.071,0.066,0,0.043,0.037,0.024,0.019,0.018,0.005,0.008,0.012,0.005,0,0,0.098,0.116,0.063,0.02,0,0.065,0.011,0.127,0,0,0.133,0.044,0.091,0.027,0,0,0,0.001,0.053,0,0,0,0.08,0.077,0.047,0.001,0.018,0,0.031,0.046,0.039,0,0
125,196,4,0,0,0,0,0,0,0,0,0.016,0,0,0,0.043,0.015,0,0,0,0,0.064,0.013,0.034,0,0,0.035,0.007,0,0.006,0.104,0.008,0.008,0.078,0,0.012,0,0.015,0,0.04,0,0.071,0.018,0.014,0,0.076,0,0.058,0,0.011,0.013,0,0,0,0,0,0.004,0.005,0.011,0.012,0,0,0,0.025,0,0,0.037,0,0,0,0.027,0,0,0,0,0,0,0.032,0.055,0,0,0,0,0.017,0.004,0.017,0.01,0,0,0.087,0.072,0.005,0,0.057,0,0,0.048,0.003,0.112,0,0.039,0,0,0,0.088,0,0.012,0.026,0,0,0.045,0,0,0,0,0.001,0,0,0,0,0,0
126,197,5,0,0,0,0.017,0,0,0,0,0,0.03,0.043,0,0,0,0,0,0,0,0.006,0,0.003,0,0,0,0,0,0.127,0.002,0.04,0,0.011,0,0,0,0,0.005,0,0.012,0,0,0.005,0,0,0,0,0,0,0.008,0,0,0,0,0.008,0.001,0.025,0.017,0.003,0.022,0.048,0,0,0,0,0.006,0,0,0,0,0,0,0,0.046,0,0,0,0,0,0.042,0.025,0.002,0,0.023,0.028,0.021,0.125,0,0.015,-0.023,0,0.015,0,0,0,0.036,0,0,0.069,0,0.064,0,0,0.05,0.065,0.015,0.046,0,0.016,0,0.022,0.008,0.02,0,0.018,0,0.013,0,0,0,0.006
127,198,6,0,0.026,0,0,0,0.021,0,0,0,0,0.071,0,0.029,0.013,0,0.01,0.024,0.005,0,0,0.002,0,0,0.027,0,0,0.055,0,0.046,0.015,0.008,0.059,0,0,0,0,0,0.018,0,0,0,0,0,0,0,0,0,0.018,0,0,0,0,0,0,0.009,0.013,0.006,0.05,0,0,0,0,0.071,0.052,0,0,0,0,0,0,0,0,0,0,0.038,0,0,0,0,0.002,0.018,0,0.004,0.028,0.003,0.036,0.055,0.008,0.012,0,0.091,0,0,0,0.029,0,0,0.04,0,0.04,0,0,0,0,0,0,0,0.012,0,0.018,0.009,0,0.031,0.001,0,0,0,0.014,0
128,199,7,0,0,0,0,0,0,0.01,0,0,0.007,0.015,0,0.011,0.019,0,0.056,0.097,0.074,0,0,0,0.032,0,0,0,0,0.037,0,0.017,0,0.037,0,0.073,0,0.011,0,0,0,0.038,0,0.033,0,0.032,0.03,0,0.037,0,0.011,0.036,0,0,0.026,0,0.006,0.001,0,0.01,0.008,0,0,0,0,0,0.09,0.046,0,0,0.006,0.065,0,0,0,0,0.004,0,0.019,0,0.015,0.06,0,0.019,0.004,0.041,0.037,0,0.035,0.043,0.038,0,0.029,0,0.004,0,0,0.019,0,0,0.031,0.103,0.107,0,0,0,0.036,0,0,0,0,0.049,0.027,0,0,0.02,0,0,0,0.006,0,0
129,200,8,0,0,0.016,0,0,0,0,0,0,0.004,0,0.01,0,0,0,0,0,0.007,0.035,0,0,0,0,0,0,0,0.125,0.009,0.008,0.128,0.027,0,0,0,0,0.009,0.052,0.025,0,0.065,0.041,0,0,0.051,0.04,0,0,0,0.184,0,0.021,0,0.039,0.001,0.018,0.061,0,0.002,0,0,0,0,0,0.042,0,0,0,0,0,0,0.037,0,0,0,0.022,0.014,0,0,0.012,0.013,0,0.004,0.011,0.007,0.034,0,0.046,0.042,0.031,0,0,0,0.054,0.013,0.038,0.042,0,0.02,0,0,0,0.094,0,0,0,0,0,0,0,0.014,0,0,0,0,0.033,0.03,0.044,0.017,0
130,201,9,0,0.003,0.046,0,0,0,0,0.016,0.033,0.01,0.017,0.002,0.014,0.027,0,0,0.043,0.028,0.066,0,0,0,0,0,0,0,0.125,0,0.001,0.011,0.004,0,0,0.036,0,0.022,0.09,0.016,0,0,0,0.077,0,0,0,0.05,0,0.026,0,0,0,0,0,0.061,0.027,0.02,0.022,0.024,0.014,0,0,0.001,0,0,0,0,0,0,0,0.11,0.06,0,0,0.022,0,0.006,0.021,0.009,0.014,0.01,0,0,0.007,0.025,0,0,0.035,0,0.013,0.01,0.009,0.04,0.011,0.028,0.047,0,0.068,0.037,0,0.033,0,0,0.132,0,0,0,0,0,0.065,0.035,0.011,0.067,0.005,0,0,0,0,0,0
131,202,10,0,0.013,0,0,0.062,0,0,0,0.016,0.017,0,0,0.009,0.044,0,0,0.025,0,0,0,0,0,0.059,0,0.033,0,0,0.047,0,0.022,0.019,0.043,0.023,0,0,0.177,0.144,0,0,0,0.041,0,0,0,0.038,0.031,0,0.053,0.003,0.042,0,0,0,0.112,0.061,0.051,0.044,0.026,0,0,0.064,0,0,0.041,0,0.035,0.07,0.001,0.008,0,0.015,0,0,0,0,0.009,0,0,0,0.022,0.026,0.014,0,0.008,0,0,0.07,0.012,0.015,0,0.045,0,0.088,0,0,0.024,0,0,0.037,0,0,0,0,0,0.005,0.04,0,0,0,0,0,0.004,0.003,0.031,0.017,0,0,0,0.053
132,203,11,0,0.007,0.031,0,0,0.031,0,0.032,0.005,0.045,0,0,0,0.119,0,0.046,0.06,0,0.004,0,0.013,0,0,0.014,0.021,0.039,0.02,0.045,0,0.012,0.043,0,0,0,0,0.06,0.032,0.028,0,0.009,0,0.141,0,0,0,0,0.03,0.014,0,0.002,0,0,0,0.099,0.015,0.028,0.016,0.013,0.038,0,0,0,0.034,0,0.063,0,0.018,0.018,0.076,0,0.029,0,0,0.04,0,0,0.056,0.028,0.005,0,0.001,0.006,0.026,0.029,0,0,0.011,0.025,0.036,0.012,0.011,0.015,0.058,0.083,0.095,0,0.005,0.067,0,0.093,0,0.072,0,0,0,0,0,0,0.011,0,0,0.044,0.069,0,0.013,0.029,0,0,0
133,204,12,0,0,0.062,0,0,0,0,0,0.002,0,0.009,0.002,0.024,0.015,0,0,0.046,0.007,0,0,0,0,0.007,0.008,0,0.042,0,0,0.024,0.016,0.023,0,0,0.028,0,0,0,0,0.025,0.039,0,0.031,0,0,0.02,0,0.004,0.029,0.009,0.017,0,0.081,0.014,0,0,0,0.005,0,0,0,0,0,0,0.036,0,0,0.035,0.025,0.037,0,0.055,0,0,0,0,0.032,0.012,0,0,0.026,0.006,0.026,0,0.007,0.093,0.093,0.017,0.075,0.028,0,0.028,0,0.01,0,0.076,0,0,0.068,0.068,0,0,0,0,0,0.067,0,0,0.002,0,0,0,0.042,0,0,0.055,0,0,0.02,0.051
134,205,13,0.086,0.017,0.011,0,0.006,0,0,0,0.023,0.004,0,0,0,0.033,0,0,0.051,0,0,0,0,0.029,0.019,0.037,0.024,0,0.029,0.018,0.053,0.09,0.023,0,0.019,0,0.043,0.001,0.032,0.158,0.044,0.046,0.267,0.03,0,0.04,0,0.053,0,0.017,0,0.016,0.001,0,0,0,0.035,0.046,0.01,0,0,0,0,0.05,0,0.034,0,0,0,0.017,0.015,0,0,0.025,0,0,0,0,0,0,0.03,0,0.015,0.007,0.026,0.015,0,0,0.008,0.085,0.021,0,0.014,0.019,0,0,0.17,0,0.03,0.035,0,0.061,0,0.097,0,0,0,0,0,0.024,0,0,0,0,0,0.025,0.063,0.035,0.016,0,0.115
135,206,14,0,0,0,0,0,0.037,0,0.047,0,0,0,0,0,0.038,0,0,0.042,0.023,0,0.011,0,0.001,0,0.002,0.028,0.084,0.074,0.02,0,0.007,0.01,0.022,0,0,0,0,0,0.004,0,0,0.069,0.082,0,0,0,0,0.017,0.012,0,0.049,0,0,0.071,0,0.067,0.028,0.002,0,0,0.019,0.012,0.019,0,0,0,0,0,0.01,0,0,0.032,0.033,0.042,0,0.026,0,0,0,0,0,0.043,0.031,0.014,0.005,0.001,0,0,0.022,0.054,0,0.01,0,0,0,0.019,0,0,0,0.104,0.074,0,0,0.052,0,0,0,0,0,0,0,0.105,0,0,0,0.049,0,0,0.002,0
136,207,15,0,0.01,0.023,0,0.011,0.031,0,0,0.013,0.005,0,0,0.033,0.039,0,0.013,0.022,0,0.015,0.008,0,0.011,0.019,0.003,0,0,0.049,0.002,0.051,0.018,0.047,0,0.007,0,0,0,0,0,0.064,0.087,0.034,0,0,0.072,0.037,0,0.007,0.014,0.017,0,0,0,0,0.077,0,0.071,0.013,0,0,0,0.023,0,0.015,0.005,0,0,0,0,0.007,0,0,0,0.026,0,0,0,0,0.004,0,0.003,0.024,0.019,0.038,0.037,0,0,0.02,0.018,0.008,0,0.015,0,0,0,0.058,0,0.004,0.014,0,0,0,0,0,0.027,0,0,0,0,0,0,0,0.038,0.015,0,0,0.018,0,0,0.003
137,208,16,0,0,0.036,0,0,0,0,0,0,0,0,0,0,0,0,0,0,0.041,0,0.007,0.005,0.007,0.074,0.034,0.044,0.027,0.022,0.008,0.007,0.016,0,0,0.047,0,0,0,0,0,0.053,0,0,0.02,0,0,0,0.015,0.082,0.044,0,0,0.017,0.002,0.01,0.008,0.065,0.013,0.014,0,0,0,0,0,0,0.028,0.011,0,0,0,0.06,0,0,0,0.045,0,0,0,0,0,0.006,0,0.018,0.018,0,0.019,0,0,0.006,0.035,0,0.008,0.028,0.061,0,0,0,0,0,0.045,0.035,0.035,0,0,0.044,0,0,0,0,0,0.019,0,0,0,0,0,0,0,0.024,0,0.084
138,209,17,0,0.034,0.025,0,0,0.08,0.055,0.03,0.05,0,0.011,0.06,0.013,0.009,0.034,0.044,0.019,0.079,0.067,0.009,0.11,0.11,0,0.024,0.01,0.281,0.042,0.021,0.15,0.028,0.081,0.066,0.014,0,0.081,0,0.016,0.005,0,0,0,0,0,0,0,0,0,0,0,0,0,0,0,0,0.064,0,0.003,0,0,0,0.035,0.03,0.019,0.015,0,0,0.018,0.044,0.007,0.021,0.059,0,0.078,0.068,0.053,0.072,0.09,0.052,0.048,0.014,0.006,0.046,0.027,0.073,0.131,0.071,0.049,0.109,0.084,0.02,0.181,0,0.047,0,0,0,0.027,0.003,0,0.108,0,0,0,0,0,0.011,0,0.014,0,0.007,0.071,0.028,0,0.026,0.025,0.027,0,0,0.002
139,210,18,0,0.01,0.01,0,0.014,0.068,0.029,0.025,0.012,0.072,0,0.041,0.071,0.022,0.124,0.092,0.03,0.068,0.052,0.022,0.102,0.032,0.003,0.105,0.04,0.235,0.075,0.009,0.006,0.136,0.221,0.008,0.034,0,0,0,0.161,0.051,0.013,0.069,0.075,0.182,0,0,0.055,0.101,0.004,0.02,0.025,0.186,0,0,0,0,0.028,0.021,0.013,0,0,0,0.087,0,0,0,0,0.066,0.036,0.035,0,0,0.074,0,0.161,0.107,0.213,0.195,0.022,0.106,0.052,0.056,0.055,0.101,0.035,0.09,0.434,0,0.021,0.036,0.043,0.023,0.052,0,0.034,0.073,0.085,0,0.006,0.068,0.137,0.1,0,0.023,0.183,0,0,0,0,0,0,0,0.017,0.028,0.012,0.045,0.003,0,0.029,0.037,0.063
140,211,19,0,0,0,0,0.014,0.025,0.029,0.072,0.004,0.016,0.057,0.036,0.015,0.076,0.088,0.084,0.035,0.061,0.091,0.018,0.083,0.121,0.036,0.076,0.014,0.101,0.136,0.177,0.032,0.169,0.095,0.039,0.209,0,0,0,0,0,0.011,0,0,0.03,0,0.029,0,0,0.014,0.001,0.007,0.003,0,0,0.015,0.012,0.002,0.004,0.008,0,0,0.01,0.073,0,0.027,0.027,0,0.014,0,0.035,0.05,0,0,0,0.143,0.027,0.107,0.18,0.103,0.04,0.013,0.075,0.062,0.063,0,0.01,0.08,0.047,0.136,0.121,0.025,0,0.005,0.018,0.021,0,0,0.03,0.026,0.018,0,0,0,0,0,0,0,0,0,0,0.034,0,0,0,0,0,0,0,0,0,0.036
141,212,20,0.005,0,0.036,0.052,0.043,0,0.02,0.03,0.014,0.03,0.032,0.103,0.016,0.188,0.071,0.091,0.006,0.032,0.02,0.002,0.054,0,0.118,0.022,0.014,0.142,0.068,0.225,0.023,0.123,0.055,0.075,0.361,0,0,0,0,0,0,0.051,0.025,0,0,0,0,0.067,0,0.007,0,0.042,0,0.013,0,0.028,0.038,0,0.01,0.064,0,0,0,0,0,0.047,0,0,0.001,0.019,0,0.074,0,0.016,0.106,0.095,0.106,0.145,0.139,0.073,0.014,0.1,0.022,0.016,0.003,0.017,0.184,0.036,0.069,0.081,0.011,0.01,0.025,0.007,0,0,0,0,0,0,0,0.071,0,0,0.005,0,0,0,0,0,0,0,0.065,0,0.042,0,0.025,0.041,0.032,0.021,0
142,213,21,0.012,0.035,0,0.033,0.022,0.025,0.04,0.06,0.003,0.037,0.038,0.082,0.123,0.027,0.02,0.048,0.066,0,0.033,0.064,0.038,0.028,0.052,0.037,0.015,0.091,0.134,0.096,0.032,0.151,0.04,0.03,0.166,0,0.038,0,0,0,0,0,0.083,0,0.046,0,0,0.125,0.007,0.027,0,0.089,0.022,0,0.018,0.03,0.035,0,0.009,0,0,0,0,0,0,0.026,0,0,0,0.019,0.004,0,0.033,0,0.041,0.071,0.173,0.105,0.035,0.112,0.021,0.012,0.087,0.092,0.134,0.023,0.132,0.07,0.054,0.158,0.035,0.023,0.027,0.085,0,0,0,0,0.036,0,0.037,0.084,0,0.024,0,0.008,0.019,0,0,0,0.003,0,0,0,0,0,0,0,0,0,0.04
143,214,22,0,0.045,0.015,0.035,0.023,0.032,0.021,0.026,0.022,0.034,0.081,0.098,0.015,0.108,0.064,0.079,0.025,0.045,0.018,0.019,0.026,0.026,0.092,0.01,0,0.137,0.144,0.045,0.038,0.011,0.083,0.084,0.046,0,0,0.145,0.034,0.012,0.003,0,0.114,0.091,0,0,0,0,0,0.019,0,0.051,0,0.009,0,0,0.034,0.012,0.007,0,0,0,0,0.053,0.086,0.072,0,0.008,0.037,0,0.04,0,0,0,0.138,0.02,0.186,0.122,0.115,0.064,0.011,0.023,0.057,0,0,0.014,0.059,0.083,0.113,0.121,0.019,0.087,0.049,0.003,0,0,0.094,0,0,0.008,0,0,0,0,0,0,0,0,0,0,0,0,0.088,0.004,0,0,0.039,0.027,0.026,0.023,0
144,215,23,0,0,0.014,0.031,0.038,0.026,0,0,0.043,0.026,0.091,0.018,0.07,0.189,0,0.129,0.076,0.045,0.072,0.04,0.033,0.05,0.02,0.035,0.066,0.066,0.22,0.085,0.047,0.013,0.449,0.017,0.026,0.037,0,0,0,0.016,0.061,0.002,0,0.042,0,0,0,0,0,0,0.033,0.008,0,0,0.052,0.055,0.037,0.196,0,0,0,0,0,0,0,0.025,0,0,0,0,0,0,0,0.02,0.062,0.117,0.04,0.057,0.036,0.071,0.018,0.023,0.068,0.105,0.035,0.014,0.056,0.094,0.044,0.117,0.046,0.012,0.025,0.086,0.034,0.1,0,0,0,0,0.029,0.131,0,0.025,0,0,0,0,0,0.024,0,0,0.051,0,0,0.04,0.033,0,0.036,0.024,0
145,216,0,0.013,0,0,0.169,0.041,0,0,0,0.023,0.051,0,0,0,0.105,0,0.048,0,0,0.095,0.008,0.041,0,0.062,0.025,0,0,0.111,0.018,0,0.024,0.079,0.036,0.064,0,0,0,0,0,0.019,0.013,0.112,0,0,0,0,0,0,0,0,0.044,0,0,0,0,0.003,0.011,0.003,0,0,0,0,0,0,0.039,0,0,0,0,0,0,0,0,0.042,0.015,0.04,0.027,0.018,0.02,0.032,0.04,0.037,0,0,0.043,0.084,0.013,0.013,0.04,0,0,0,0.05,0,0,0.415,0,0,0,0,0.059,0,0,0,0,0.019,0,0,0,0,0,0,0.028,0,0.012,0,0,0,0.008,0