EXP,plant,rep,PEG,Temp,Weiss,Hoaglands,IFW,FFW,SFFW,RFFW,CFW,TDW,SDW,RDW,TWC,SWC,RWC,DR:S,WCR:S ,WU,RL,RSA,RAD,RV,RT,CFW/WU
2E,Bow,5,0%,18°C,3,Hg50,0.223,0.528,0.382,0.146,0.305,0.0555,0.039,0.0165,0.4725,0.343,0.1295,0.423076923,0.37755102,10.33,56.2089,15.3192,0.8675,0.332,282,0.029516129
2E,B289,1,0%,18°C,3,Hg50,0.247,0.607,0.458,0.149,0.36,0.0643,0.0417,0.0226,0.5427,0.4163,0.1264,0.541966427,0.303627192,48.33,83.2326,20.6264,0.7888,0.407,440,0.007448276
3E,B285,1,0%,18°C,1,Hg50,0.293,0.54,0.39,0.15,0.247,0.0482,0.0383,0.0099,0.4918,0.3517,0.1401,0.25848564,0.398350867,8.67,31.809,7.1419,0.7147,0.128,224,0.0285
1E,B289,2,0%,18°C,3,Hg50,0.391,0.797,0.602,0.195,0.406,0.0709,0.0526,0.0183,0.7261,0.5494,0.1767,0.347908745,0.321623589,20.00,116.8724,22.6765,0.6176,0.35,747,0.0203
2E,B285,1,0%,18°C,3,Hg50,0.4,0.998,0.675,0.323,0.598,0.0825,0.0605,0.022,0.9155,0.6145,0.301,0.363636364,0.489829129,17.33,46.499,25.0294,1.7134,1.072,893,0.0345
1E,Ant,1,0%,18°C,3,Hg50,0.436,0.965,0.649,0.316,0.529,0.6545,0.631,0.0235,0.3105,0.018,0.2925,0.037242472,16.25,19.00,91.9424,38.6285,1.3373,1.291,1572,0.027842105
3E,Ant,1,0%,18°C,1,Hg50,0.454,0.91,0.615,0.295,0.456,,0.602,,,0.013,,,,17.67,,,,,,0.025811321
2E,Ant,5,0%,18°C,3,Hg50,0.456,0.998,0.667,0.331,0.542,0.0874,0.0624,0.025,0.9106,0.6046,0.306,0.400641026,,19.33,74.5623,33.0452,1.4107,1.165,1315,0.028034483
1E,Bow,2,0%,18°C,3,Hg50,0.471,0.997,0.712,0.285,0.526,0.0817,0.0606,0.0211,0.9153,0.6514,0.2639,0.348184818,0.405127418,21.00,69.221,30.9682,1.4241,1.103,865,0.025047619
2E,Ant,3,0%,18°C,3,Hg50,0.478,1.011,0.67,0.341,0.533,0.0934,0.0655,0.0279,0.9176,0.6045,0.3131,0.425954198,0.517948718,21.33,41.64,34.0705,2.6045,2.218,1134,0.024984375
3E,Ant,5,0%,18°C,1,Hg50,0.487,1.277,0.822,0.455,0.79,0.1272,0.0917,0.0355,1.1498,0.7303,0.4195,0.387131952,0.574421471,28.67,,,,,,0.02755814
2E,B289,3,0%,18°C,3,Hg50,0.497,1.121,0.863,0.258,0.624,0.0894,0.0657,0.0237,1.0316,0.7973,0.2343,0.360730594,0.2938668,31.33,104.274,23.8297,0.7274,0.433,345,0.019914894
1E,B290,5,0%,18°C,3,Hg50,0.503,1.266,0.96,0.306,0.763,0.0495,0.0331,0.0164,1.2165,0.9269,0.2896,0.495468278,0.312439314,26.00,334.1393,50.1996,0.4782,0.6,1431,0.029346154
2E,Ant,2,0%,18°C,3,Hg50,0.528,1.44,0.936,0.504,0.912,0.1137,0.0819,0.0318,1.3263,0.8541,0.4722,0.388278388,0.552862662,24.33,189.8516,61.4332,1.03,1.582,3377,0.037479452
3E,B284,3,0%,18°C,1,Hg50,0.53,1.183,0.8,0.383,0.653,0.109,0.0244,0.0846,1.074,0.7756,0.2984,3.467213115,0.384734399,22.67,116.9664,35.7793,0.9737,0.871,1845,0.028808824
3E,B290,1,0%,18°C,1,Hg50,0.532,1.04,0.73,0.31,0.508,0.0801,0.0637,0.0164,0.9599,0.6663,0.2936,0.257456829,0.440642353,21.67,257.0513,44.0543,0.5455,0.601,1534,0.023446154
3E,B284,1,0%,18°C,1,Hg50,0.534,1.14,0.817,0.323,0.606,0.1036,0.0777,0.0259,1.0364,0.7393,0.2971,0.333333333,0.401866631,21.67,148.9534,41.7128,0.8914,0.93,2165,0.027969231
2E,B285,3,0%,18°C,3,Hg50,0.537,1.37,0.887,0.483,0.833,0.1064,0.0819,0.0245,1.2636,0.8051,0.4585,0.299145299,0.569494473,24.33,81.6991,42.5064,1.6561,1.76,1305,0.034232877
2E,B285,4,0%,18°C,3,Hg50,0.548,,,,,,,,,,,,,,,,,,,#DIV/0!
2E,B285,4,0%,18°C,3,Hg50,0.548,,,,,,,,,,,,,,,,,,,#DIV/0!
2E,Ant,1,0%,18°C,3,Hg50,0.549,1.353,0.943,0.41,0.804,0.115,0.0797,0.0353,1.238,0.8633,0.3747,0.442910916,0.434032202,25.33,98.2863,43.0371,1.3938,1.5,1837,0.031736842
1E,Ant,2,0%,18°C,3,Hg50,0.55,1.278,0.886,0.392,0.728,0.1169,0.0913,0.0256,1.1611,0.7947,0.3664,0.280394304,0.461054486,23.00,140.368,43.6749,0.9904,1.081,2070,0.031652174
2E,Bow,4,0%,18°C,3,Hg50,0.553,1.296,0.818,0.478,0.743,0.1035,0.0671,0.0364,1.1925,0.7509,0.4416,0.54247392,0.588094287,22.33,68.0557,45.4873,2.1275,2.419,1484,0.033268657
1E,Ant,4,0%,18°C,3,Hg50,0.56,1.195,0.811,0.384,0.635,0.1239,0.0933,0.0306,1.0711,0.7177,0.3534,0.327974277,0.492406298,22.00,58.0316,44.2045,2.4247,2.68,1689,0.028863636
1E,B289,5,0%,18°C,3,Hg50,0.564,1.118,0.836,0.282,0.554,0.0681,0.0403,0.0278,1.0499,0.7957,0.2542,0.689826303,0.319467136,27.00,121.8488,35.4798,0.9269,0.822,1274,0.020518519
2E,B290,5,0%,18°C,3,Hg50,0.57,1.772,1.186,0.586,1.202,0.1385,0.0992,0.0393,1.6335,1.0868,0.5467,0.396169355,0.503036437,1.33,151.447,61.8787,1.3006,2.012,2538,0.9015
2E,Ant,4,0%,18°C,3,Hg50,0.573,1.207,0.803,0.404,0.634,0.1055,0.0742,0.0313,1.1015,0.7288,0.3727,0.421832884,0.511388584,19.33,41.253,52.4026,4.0434,5.297,2189,0.032793103
3E,B289,1,0%,18°C,1,Hg50,0.583,1.28,0.897,0.383,0.697,0.1049,0.0811,0.0238,1.1751,0.8159,0.3592,0.293464858,0.440250031,26.67,208.355,51.4194,0.7855,1.01,2573,0.0261375
2E,B284,1,0%,18°C,3,Hg50,0.594,1.487,0.885,0.602,0.893,0.1328,0.0893,0.0435,1.3542,0.7957,0.5585,0.48712206,0.7018977,27.33,107.0371,58.1793,1.7302,2.516,2343,0.032670732
1E,B285,3,0%,18°C,3,Hg50,0.601,1.102,0.793,0.309,0.501,0.1053,0.085,0.0203,0.9967,0.708,0.2887,0.238823529,0.407768362,23.00,124.2607,32.6806,0.8372,0.684,943,0.021782609
2E,Bow,1,0%,18°C,3,Hg50,0.611,1.539,0.967,0.572,0.928,0.1212,0.0861,0.0351,1.4178,0.8809,0.5369,0.407665505,0.609490294,28.33,130.5434,51.739,1.2616,1.632,2051,0.032752941
1E,Ant,3,0%,18°C,3,Hg50,0.615,1.443,0.963,0.48,0.828,0.1289,0.0939,0.035,1.3141,0.8691,0.445,0.372736954,0.512023933,29.00,53.1783,47.9611,2.8708,3.442,1457,0.028551724
1E,B289,3,0%,18°C,3,Hg50,0.616,1.37,0.912,0.458,0.754,0.0979,0.0668,0.0311,1.2721,0.8452,0.4269,0.465568862,0.505087553,31.00,110.6145,45.0844,1.2974,1.462,1143,0.024322581
3E,B285,3,0%,18°C,1,Hg50,0.643,1.523,1.039,0.484,0.88,0.1363,0.1038,0.0325,1.3867,0.9352,0.4515,0.313102119,0.482784431,27.67,71.7226,20.3357,0.9025,0.459,642,0.031807229
1E,B284,3,0%,18°C,3,Hg50,0.647,1.47,1.098,0.372,0.823,0.1317,0.1039,0.0278,1.3383,0.9941,0.3442,0.267564966,0.346242833,32.00,254.0577,51.5529,0.6459,0.832,2159,0.02571875
1E,B284,4,0%,18°C,3,Hg50,0.651,,,,,,,,,,,,,,,,,,,#DIV/0!
1E,B289,1,0%,18°C,3,Hg50,0.661,1.341,0.908,0.433,0.68,0.0811,0.0549,0.0262,1.2599,0.8531,0.4068,0.47723133,0.476849138,31.00,273.3504,50.9731,0.5936,0.756,1810,0.021935484
2E,B284,3,0%,18°C,3,Hg50,0.667,1.431,1.037,0.394,0.764,0.127,0.0968,0.0302,1.304,0.9402,0.3638,0.311983471,0.386938949,23.33,80.2206,42.1186,1.6712,1.76,1565,0.032742857
3E,B285,2,0%,18°C,1,Hg50,0.69,1.38,1.03,0.35,0.69,0.1263,0.1018,0.0245,1.2537,0.9282,0.3255,0.240667976,0.350678733,25.67,63.9647,20.9903,1.0446,0.548,914,0.026883117
3E,Ant,2,0%,18°C,1,Hg50,0.69,1.45,0.977,0.473,0.76,,0.0976,,,0.8794,,,,27.67,,,,,,0.02746988
3E,B289,2,0%,18°C,1,Hg50,0.699,1.522,1.06,0.462,0.823,0.1344,0.1049,0.0295,1.3876,0.9551,0.4325,0.28122021,0.452832164,29.67,197.0316,57.9617,0.9364,1.357,2995,0.027741573
3E,B289,5,0%,18°C,1,Hg50,0.701,1.657,1.137,0.52,0.956,0.149,0.1171,0.0319,1.508,1.0199,0.4881,0.272416738,0.478576331,35.67,273.1391,60.4729,0.7047,1.065,2394,0.026803738
3E,B284,5,0%,18°C,1,Hg50,0.714,1.67,1.14,0.53,0.956,0.1691,0.129,0.0401,1.5009,1.011,0.4899,0.310852713,0.484569733,29.67,110.1775,46.8915,1.3547,1.588,1906,0.032224719
2E,B284,4,0%,18°C,3,Hg50,0.714,,,,,,,,,,,,,,,,,,,#DIV/0!
2E,B285,2,0%,18°C,3,Hg50,0.717,0.996,0.708,0.288,0.279,0.0915,0.0715,0.02,0.9045,0.6365,0.268,0.27972028,0.421052632,14.33,56.4423,29.9075,1.6867,1.261,1077,0.019465116
2E,B284,2,0%,18°C,3,Hg50,0.724,1.649,1.114,0.535,0.925,0.1473,0.1069,0.0404,1.5017,1.0071,0.4946,0.377923293,0.491113097,26.33,99.5954,53.283,1.7029,2.268,2222,0.035126582
1E,B285,1,0%,18°C,3,Hg50,0.729,1.406,1.04,0.366,0.677,0.1286,0.1026,0.026,1.2774,0.9374,0.34,0.253411306,0.362705355,28.00,188.981,51.1912,0.8622,1.103,1628,0.024178571
4E,Ant,2,0%,18°C,1,Hg50,0.734,1.443,0.934,0.509,0.709,0.1576,0.1077,0.0499,1.2854,0.8263,0.4591,0.463324048,0.555609343,26.00,121.11,49.4041,1.2985,1.604,1955,0.027269231
2E,B290,3,0%,18°C,3,Hg50,0.736,1.536,1.065,0.471,0.8,0.1124,0.0782,0.0342,1.4236,0.9868,0.4368,0.437340153,0.442642886,27.33,103.8592,50.0177,1.533,1.917,2239,0.029268293
2E,B290,2,0%,18°C,3,Hg50,0.738,1.42,0.95,0.47,0.682,0.112,0.08,0.032,1.308,0.87,0.438,0.4,0.503448276,27.33,124.5746,51.8804,1.3256,1.719,2458,0.02495122
1E,Ant,5,0%,18°C,3,Hg50,0.739,2.157,1.46,0.697,1.418,0.2101,0.1573,0.0528,1.9469,1.3027,0.6442,0.335664336,0.494511399,46.00,247.1747,77.5676,0.9989,1.937,3045,0.030826087
1E,B285,4,0%,18°C,3,Hg50,0.749,,,,,,,,,,,,,,,,,,,#DIV/0!
1E,B284,2,0%,18°C,3,Hg50,0.762,1.65,1.123,0.527,0.888,0.1488,0.1123,0.0365,1.5012,1.0107,0.4905,0.325022262,0.485307213,31.00,117.7256,50.9704,1.3782,1.756,1246,0.028645161
4E,B285,5,0%,18°C,1,Hg50,0.771,1.737,1.026,0.711,0.966,0.1547,0.1111,0.0436,1.5823,0.9149,0.6674,0.392439244,0.729478632,29.00,148.1963,61.1704,1.3139,2.009,2876,0.033310345
2E,B290,4,0%,18°C,3,Hg50,0.778,1.541,1.095,0.446,0.763,0.1118,0.0808,0.031,1.4292,1.0142,0.415,0.383663366,0.409189509,29.33,170.4425,51.5609,0.9629,1.241,2000,0.026011364
2E,Bow,2,0%,18°C,3,Hg50,0.782,1.759,1.286,0.473,0.977,0.1226,0.0893,0.0333,1.6364,1.1967,0.4397,0.372900336,0.367427091,33.33,137.8474,51.8187,1.1966,1.55,2168,0.02931
1E,B290,4,0%,18°C,3,Hg50,0.788,0.974,0.72,0.254,0.186,0.0985,0.0816,0.0169,0.8755,0.6384,0.2371,0.207107843,0.371397243,13.00,231.6493,36.4065,0.5003,0.455,1706,0.014307692
1E,Bow,4,0%,18°C,3,Hg50,0.791,1.59,1.222,0.368,0.799,0.1323,0.1056,0.0267,1.4577,1.1164,0.3413,0.252840909,0.305714798,34.00,245.5924,59.3075,0.7687,1.14,2230,0.0235
3E,B289,3,0%,18°C,1,Hg50,0.795,1.79,1.212,0.578,0.995,0.1575,0.1255,0.032,1.6325,1.0865,0.546,0.25498008,0.502531063,35.67,190.7901,60.9665,1.0172,1.55,2515,0.027897196
4E,Ant,5,0%,18°C,1,Hg50,0.83,1.72,1.13,0.59,0.89,0.1162,0.0629,0.0533,1.6038,1.0671,0.5367,0.847376789,0.502951926,28.00,64.5272,49.4892,2.4413,3.02,1483,0.031785714
1E,Bow,5,0%,18°C,3,Hg50,0.838,1.8,1.188,0.612,0.962,0.1181,0.1021,0.016,1.6819,1.0859,0.596,0.156709109,0.548853486,32.00,324.9092,76.5921,0.7504,1.437,2953,0.0300625
1E,Bow,3,0%,18°C,3,Hg50,0.843,1.713,1.23,0.483,0.87,0.1319,0.104,0.0279,1.5811,1.126,0.4551,0.268269231,0.404174067,30.00,151.1389,42.0725,0.8861,0.932,1569,0.029
2E,Bow,3,0%,18°C,3,Hg50,0.843,1.95,1.24,0.71,1.107,0.1495,0.1039,0.0456,1.8005,1.1361,0.6644,0.438883542,0.584807675,31.33,195.3694,80.3353,1.3089,2.629,3574,0.035329787
3E,Bow,4,0%,18°C,1,Hg50,0.846,2.11,1.277,0.833,1.264,0.1723,0.1215,0.0508,1.9377,1.1555,0.7822,0.418106996,0.676936391,39.67,419.1707,99.9173,0.7588,1.895,4783,0.031865546
3E,Ant,3,0%,18°C,1,Hg50,0.848,1.72,1.224,0.496,0.872,0.1794,0.1363,0.0431,1.5406,1.0877,0.4529,0.316214233,0.416383194,33.67,,,,,,0.02590099
1E,B290,3,0%,18°C,3,Hg50,0.855,1.522,1.113,0.409,0.667,0.1012,0.078,0.0232,1.4208,1.035,0.3858,0.297435897,0.372753623,31.00,265.7186,48.6948,0.5833,0.71,1810,0.021516129
1E,B284,5,0%,18°C,3,Hg50,0.855,,,,,,,,,,,,,,,,,,,#DIV/0!
3E,B285,4,0%,18°C,1,Hg50,0.875,1.55,1.083,0.467,0.675,0.1513,0.118,0.0333,1.3987,0.965,0.4337,0.28220339,0.449430052,27.67,144.8319,38.3831,0.8436,0.809,1349,0.02439759
4E,B289,3,0%,18°C,1,Hg50,0.878,1.553,1.05,0.503,0.675,0.1788,0.132,0.0468,1.3742,0.918,0.4562,0.354545455,0.496949891,23.00,36.2815,37.4405,3.2848,3.075,1017,0.029347826
1E,B284,1,0%,18°C,3,Hg50,0.881,1.675,1.134,0.541,0.794,0.1452,0.1062,0.039,1.5298,1.0278,0.502,0.367231638,0.488421872,30.00,138.2723,65.3514,1.5044,2.458,2256,0.026466667
2E,B290,1,0%,18°C,3,Hg50,0.889,2.16,1.44,0.72,1.271,0.1742,0.124,0.0502,1.9858,1.316,0.6698,0.40483871,0.508966565,26.33,213.3163,73.21,1.0924,1.999,2991,0.048265823
3E,B290,5,0%,18°C,1,Hg50,0.891,2.46,1.56,0.9,1.569,0.2141,0.1651,0.049,2.2459,1.3949,0.851,0.296789824,0.610079576,48.67,390.4446,84.831,0.6916,1.467,3092,0.032239726
1E,B289,4,0%,18°C,3,Hg50,0.903,1.782,1.247,0.535,0.879,0.0897,0.0491,0.0406,1.6923,1.1979,0.4944,0.82688391,0.412722264,40.00,135.9972,54.5205,1.2761,1.739,1544,0.021975
4E,B285,1,0%,18°C,1,Hg50,0.908,1.699,1.152,0.547,0.791,0.1697,0.1224,0.0473,1.5293,1.0296,0.4997,0.386437908,0.48533411,31.00,42.6494,52.0503,3.8847,5.055,1501,0.025516129
2E,B289,4,0%,18°C,3,Hg50,0.912,1.682,1.214,0.468,0.77,0.1562,0.1086,0.0476,1.5258,1.1054,0.4204,0.438305709,0.380314818,35.33,118.7457,40.3848,1.0826,1.093,366,0.021792453
4E,B285,4,0%,18°C,1,Hg50,0.913,1.845,1.236,0.609,0.932,0.1728,0.1318,0.041,1.6722,1.1042,0.568,0.31107739,0.514399565,33.00,80.6569,56.8454,2.2434,3.188,1790,0.028242424
2E,B285,5,0%,18°C,3,Hg50,0.914,,,,,,,,,,,,,,,,,,,#DIV/0!
2E,B285,5,0%,18°C,3,Hg50,0.914,,,,,,,,,,,,,,,,,,,#DIV/0!
2E,B284,5,0%,18°C,3,Hg50,0.92,,,,,,,,,,,,,,,,,,,#DIV/0!
2E,B284,5,0%,18°C,3,Hg50,0.92,,,,,,,,,,,,,,,,,,,#DIV/0!
4E,B289,5,0%,18°C,1,Hg50,0.928,1.872,1.2,0.672,0.944,0.2034,0.149,0.0544,1.6686,1.051,0.6176,0.365100671,0.587630828,35.00,126.0271,56.9596,1.4386,2.049,2643,0.026971429
4E,Ant,1,0%,18°C,1,Hg50,0.933,1.844,1.203,0.641,0.911,0.1974,0.1344,0.063,1.6466,1.0686,0.578,0.46875,0.540894628,29.00,31.6669,49.6284,4.9886,6.189,1378,0.031413793
1E,B285,5,0%,18°C,3,Hg50,0.936,,,,,,,,,,,,,,,,,,,#DIV/0!
1E,B290,2,0%,18°C,3,Hg50,0.939,1.527,1.111,0.416,0.588,0.0982,0.0768,0.0214,1.4288,1.0342,0.3946,0.278645833,0.381550957,31.00,204.1774,49.4038,0.7702,0.951,2060,0.018967742
2E,B289,5,0%,18°C,3,Hg50,0.966,2.06,1.485,0.575,1.094,0.1668,0.124,0.0428,1.8932,1.361,0.5322,0.34516129,0.391036003,0.33,338.7018,59.2248,0.5566,0.824,583,3.282
3E,B284,2,0%,18°C,1,Hg50,0.973,2.301,1.548,0.753,1.328,0.1896,0.1461,0.0435,2.1114,1.4019,0.7095,0.297741273,0.506098866,39.67,273.2216,78.9134,0.9194,1.814,3192,0.033478992
1E,Bow,1,0%,18°C,3,Hg50,0.974,1.892,1.359,0.533,0.918,0.155,0.1247,0.0303,1.737,1.2343,0.5027,0.24298316,0.407275379,32.00,305.247,61.4291,0.6406,0.984,2680,0.0286875
3E,Bow,1,0%,18°C,1,Hg50,0.976,1.99,1.293,0.697,1.014,0.1549,0.1165,0.0384,1.8351,1.1765,0.6586,0.329613734,0.559796005,31.67,184.2661,70.2104,1.2128,2.129,2909,0.032021053
3E,B285,5,0%,18°C,1,Hg50,0.98,2.365,1.616,0.749,1.385,0.2113,0.1633,0.048,2.1537,1.4527,0.701,0.293937538,0.482549735,42.67,57.677,16.4425,0.9074,0.373,762,0.032460938
1E,B285,2,0%,18°C,3,Hg50,0.984,2.01,0.931,1.079,1.026,0.1783,0.1422,0.0361,1.8317,0.7888,1.0429,0.253867792,1.322134888,37.00,357.9573,69.3284,0.6165,1.069,2792,0.02772973
4E,Bow,2,0%,18°C,1,Hg50,0.99,1.68,1.129,0.551,0.69,0.1759,0.1256,0.0503,1.5041,1.0034,0.5007,0.400477707,0.499003388,26.00,86.3744,36.3619,1.34,1.218,771,0.026538462
1E,B290,1,0%,18°C,3,Hg50,0.99,1.713,1.223,0.49,0.723,0.7616,0.733,0.0286,0.9514,0.49,0.4614,0.039017735,0.941632653,31.00,313.0659,63.0244,0.6408,1.01,2774,0.023322581
4E,B285,3,0%,18°C,1,Hg50,1.005,1.908,1.297,0.611,0.903,0.1682,0.1342,0.034,1.7398,1.1628,0.577,0.253353204,0.49621603,35.00,138.9223,64.5605,1.4793,2.388,2494,0.0258
3E,B289,4,0%,18°C,1,Hg50,1.007,2.24,1.478,0.762,1.233,0.06782,0.01622,0.0516,2.17218,1.46178,0.7104,3.181257707,0.485982843,44.67,435.3281,87.8254,0.6422,1.41,4197,0.027604478
4E,B284,1,0%,18°C,1,Hg50,1.026,1.406,1.015,0.391,0.38,0.162,0.1237,0.0383,1.244,0.8913,0.3527,0.309620049,0.395714125,18.00,154.8874,60.0296,1.2337,1.851,2504,0.021111111
3E,Ant,4,0%,18°C,1,Hg50,1.037,2.25,1.45,0.8,1.213,0.2267,0.1635,0.0632,2.0233,1.2865,0.7368,0.386544343,0.572716673,45.67,,,,,,0.026562044
3E,Bow,3,0%,18°C,1,Hg50,1.05,2.317,1.45,0.867,1.267,,0.1443,,,1.3057,,,,44.67,,,,,,0.028365672
4E,B290,2,0%,18°C,1,Hg50,1.06,1.708,1.052,0.656,0.648,0.181,0.1345,0.0465,1.527,0.9175,0.6095,0.345724907,0.664305177,34.00,106.9501,51.3963,1.5297,1.965,1865,0.019058824
4E,Bow,5,0%,18°C,1,Hg50,1.061,1.795,1.363,0.432,0.734,0.1937,0.1499,0.0438,1.6013,1.2131,0.3882,0.292194797,0.320006595,29.00,69.7166,29.5653,1.3499,0.998,947,0.025310345
4E,Bow,1,0%,18°C,1,Hg50,1.08,2.153,1.252,0.901,1.073,0.2059,0.1355,0.0704,1.9471,1.1165,0.8306,0.519557196,0.74393193,38.00,58.7063,64.6647,3.5062,5.668,1996,0.028236842
4E,Ant,4,0%,18°C,1,Hg50,1.093,2.162,1.426,0.736,1.069,0.2291,0.1596,0.0695,1.9329,1.2664,0.6665,0.435463659,0.526295009,36.00,184.1935,67.7069,1.1701,1.981,2677,0.029694444
4E,B284,2,0%,18°C,1,Hg50,1.178,2.186,1.42,0.766,1.008,0.2306,0.1706,0.06,1.9554,1.2494,0.706,0.351699883,0.565071234,40.00,91.7492,70.0033,2.4287,4.25,2497,0.0252
3E,B284,4,0%,18°C,1,Hg50,1.19,2.487,1.6,0.887,1.297,0.221,0.166,0.055,2.266,1.434,0.832,0.331325301,0.580195258,45.67,197.7587,66.0474,1.0631,1.755,2087,0.02840146
3E,Bow,2,0%,18°C,1,Hg50,1.222,2.3,1.624,0.676,1.078,,0.1516,,,1.4724,,,,37.67,,,,,,0.028619469
4E,B290,1,0%,18°C,1,Hg50,1.26,1.915,1.321,0.594,0.655,0.2189,0.1648,0.0541,1.6961,1.1562,0.5399,0.328276699,0.466960733,37.00,95.0352,47.1754,1.5801,1.864,1435,0.017702703
2E,B289,2,0%,18°C,3,Hg50,1.268,2.353,1.68,0.673,1.085,0.07812,0.01602,0.0621,2.27488,1.66398,0.6109,3.876404494,0.367131816,19.33,384.9226,66.9201,0.5534,0.926,1032,0.05612069
2E,B289,2,0%,18°C,3,Hg50,1.268,2.353,1.68,0.673,1.085,0.07812,0.01602,0.0621,2.27488,1.66398,0.6109,3.876404494,0.367131816,19.33,384.9226,66.9201,0.5534,0.926,1032,0.05612069
4E,Bow,4,0%,18°C,1,Hg50,1.274,2.079,1.291,0.788,0.805,0.2072,0.1358,0.0714,1.8718,1.1552,0.7166,0.525773196,0.620325485,35.00,139.9812,54.6422,1.2425,1.697,1046,0.023
4E,B289,2,0%,18°C,1,Hg50,1.295,2.003,1.394,0.609,0.708,0.2396,0.178,0.0616,1.7634,1.216,0.5474,0.346067416,0.450164474,38.00,49.5984,59.9896,3.85,5.774,2062,0.018631579
4E,Bow,3,0%,18°C,1,Hg50,1.312,2.104,1.486,0.618,0.792,0.204,0.1512,0.0528,1.9,1.3348,0.5652,0.349206349,0.423434222,35.00,126.4066,38.4669,0.9687,0.932,934,0.022628571
4E,B285,2,0%,18°C,1,Hg50,1.313,2.268,1.402,0.866,0.955,0.1848,0.1616,0.0232,2.0832,1.2404,0.8428,0.143564356,0.679458239,40.00,101.0345,67.5427,2.1279,3.593,2584,0.023875
3E,B290,4,0%,18°C,1,Hg50,1.318,2.546,1.686,0.86,1.228,0.2375,0.1775,0.06,2.3085,1.5085,0.8,0.338028169,0.530328141,48.67,248.2973,82.637,1.0594,2.189,2625,0.025232877
3E,Bow,5,0%,18°C,1,Hg50,1.335,3.102,2.02,1.082,1.767,0.2552,0.1902,0.065,2.8468,1.8298,1.017,0.341745531,0.555798448,48.67,315.472,112.5255,1.1354,3.194,3965,0.036308219
4E,B290,4,0%,18°C,1,Hg50,1.35,2.1,1.48,0.62,0.75,0.2541,0.1903,0.0638,1.8459,1.2897,0.5562,0.335260116,0.431263084,44.00,79.4196,57.2459,2.2944,3.284,1661,0.017045455
4E,B289,4,0%,18°C,1,Hg50,1.37,2.122,1.454,0.668,0.752,0.2387,0.1755,0.0632,1.8833,1.2785,0.6048,0.36011396,0.473054361,42.00,119.3156,63.9786,1.7068,2.73,2477,0.017904762
4E,B284,3,0%,18°C,1,Hg50,1.394,2.123,1.389,0.734,0.729,0.2226,0.1612,0.0614,1.9004,1.2278,0.6726,0.3808933,0.547809089,38.00,114.5414,79.6024,2.2121,4.402,2879,0.019184211
4E,B290,5,0%,18°C,1,Hg50,1.402,2.464,1.671,0.793,1.062,0.2855,0.2111,0.0744,2.1785,1.4599,0.7186,0.352439602,0.492225495,48.00,105.6369,74.8198,2.2545,4.217,2425,0.022125
4E,Ant,3,0%,18°C,1,Hg50,1.463,2.499,1.65,0.849,1.036,0.2553,0.1857,0.0696,2.2437,1.4643,0.7794,0.374798061,0.532267978,45.00,77.298,70.4254,2.9001,5.106,2057,0.023022222
4E,B284,4,0%,18°C,1,Hg50,1.469,2.808,1.91,0.898,1.339,0.2992,0.222,0.0772,2.5088,1.688,0.8208,0.347747748,0.486255924,48.00,64.1465,97.2913,4.8278,11.743,3378,0.027895833
4E,B289,1,0%,18°C,1,Hg50,1.502,2.481,1.004,1.477,0.979,0.262,0.196,0.066,2.219,0.808,1.411,0.336734694,1.746287129,47.50,146.7283,86.5575,1.8778,4.063,3358,0.020610526
4E,B290,3,0%,18°C,1,Hg50,1.542,1.838,1.431,0.407,0.296,0.2283,0.186,0.0423,1.6097,1.245,0.3647,0.227419355,0.292931727,26.00,38.7835,30.1875,2.4776,1.87,849,0.011384615
3E,B290,3,0%,18°C,1,Hg50,1.566,2.48,1.72,0.76,0.914,0.2311,0.1751,0.056,2.2489,1.5449,0.704,0.319817247,0.455692925,48.67,368.1435,88.2976,0.7635,1.685,3269,0.018780822
3E,B290,2,0%,18°C,1,Hg50,1.593,2.711,1.769,0.942,1.118,0.2433,0.1869,0.0564,2.4677,1.5821,0.8856,0.30176565,0.559762341,48.67,320.6517,81.3391,0.8075,1.642,2744,0.022972603
4E,B284,5,0%,18°C,1,Hg50,2.01,1.508,1.061,0.447,-0.502,0.1837,0.1385,0.0452,1.3243,0.9225,0.4018,0.326353791,0.435555556,28.00,90.6713,47.9596,1.6837,2.019,2259,-0.017928571
4E,B284,5,0%,18°C,1,Hg50,2.01,1.508,1.061,0.447,-0.502,0.1837,0.1385,0.0452,1.3243,0.9225,0.4018,0.326353791,0.435555556,28.00,90.6713,47.9596,1.6837,2.019,2259,-0.017928571
3E,B285,1,15%,18°C,1,Hg50,0.241,0.26,0.188,0.072,0.019,0.0295,0.0236,0.0059,0.2305,0.1644,0.0661,0.25,0.402068127,2.67,80.099,18.6724,0.742,0.346,835,0.007125
1E,B290,5,15%,18°C,3,Hg50,0.302,0.273,0.271,0.002,-0.029,0.0519,0.0429,0.009,0.2211,0.2281,-0.007,0.20979021,-0.030688295,2.67,51.2639,12.5399,0.7786,0.244,346,-0.010875
1E,Ant,3,15%,18°C,3,Hg50,0.318,0.48,0.318,0.162,0.162,0.0628,0.0456,0.0172,0.4172,0.2724,0.1448,0.377192982,0.531571219,5.67,59.1,16.8477,0.9074,0.382,602,0.028588235
1E,B289,1,15%,18°C,3,Hg50,0.322,0.392,0.31,0.082,0.07,0.0512,0.0383,0.0129,0.3408,0.2717,0.0691,0.336814621,0.254324623,6.67,44.5568,11.8619,0.8474,0.251,351,0.0105
2E,B285,4,15%,18°C,3,Hg50,0.33,0.487,0.369,0.118,0.157,0.0473,0.0371,0.0102,0.4397,0.3319,0.1078,0.274932615,0.324796625,8.33,34.9379,15.1096,1.3766,0.52,476,0.01884
2E,B285,1,15%,18°C,3,Hg50,0.336,0.486,0.347,0.139,0.15,0.0483,0.0352,0.0131,0.4377,0.3118,0.1259,0.372159091,0.403784477,5.33,38.8198,13.9314,1.1423,0.398,427,0.028125
2E,B289,1,15%,18°C,3,Hg50,0.336,0.719,0.683,0.036,0.383,0.0334,0.0226,0.0108,0.6856,0.6604,0.0252,0.477876106,0.038158692,10.33,45.867,11.3077,0.7847,0.222,370,0.037064516
2E,B284,5,15%,18°C,3,Hg50,0.403,0.608,0.46,0.148,0.205,0.0689,0.0518,0.0171,0.5391,0.4082,0.1309,0.33011583,0.320676139,4.33,11.4568,17.4537,4.8493,2.116,399,0.047307692
2E,B284,1,15%,18°C,3,Hg50,0.438,0.605,0.439,0.166,0.167,0.0618,0.0439,0.0179,0.5432,0.3951,0.1481,0.407744875,0.374841812,3.33,34.0189,19.3383,1.8095,0.875,565,0.0501
2E,Bow,4,15%,18°C,3,Hg50,0.446,0.622,0.381,0.241,0.176,0.0563,0.0385,0.0178,0.5657,0.3425,0.2232,0.462337662,0.651678832,5.33,113.7204,29.0753,0.8138,0.592,1457,0.033
2E,Bow,3,15%,18°C,3,Hg50,0.459,0.652,0.423,0.229,0.193,0.0739,0.0528,0.0211,0.5781,0.3702,0.2079,0.399621212,0.561588331,8.33,88.7752,21.6966,0.7779,0.422,462,0.02316
2E,Ant,5,15%,18°C,3,Hg50,0.466,0.609,0.452,0.157,0.143,0.0686,0.0502,0.0184,0.5404,0.4018,0.1386,0.366533865,0.344947735,9.67,53.7387,20.3533,1.2056,0.613,785,0.014793103
1E,Bow,1,15%,18°C,3,Hg50,0.488,0.4,0.277,0.123,-0.088,0.0545,0.0405,0.014,0.3455,0.2365,0.109,0.345679012,0.460887949,5.67,56.4581,20.3916,1.1497,0.586,656,-0.015529412
2E,Ant,2,15%,18°C,3,Hg50,0.493,0.687,0.476,0.211,0.194,0.0818,0.061,0.0208,0.6052,0.415,0.1902,0.340983607,0.458313253,11.67,66.9066,23.041,1.0962,0.631,843,0.016628571
2E,B285,3,15%,18°C,3,Hg50,0.495,0.7,0.499,0.201,0.205,0.0619,0.0459,0.016,0.6381,0.4531,0.185,0.348583878,0.408298389,6.33,56.5132,23.7016,1.335,0.791,928,0.032368421
2E,Ant,1,15%,18°C,3,Hg50,0.495,0.77,0.505,0.265,0.275,0.0848,0.06,0.0248,0.6852,0.445,0.2402,0.413333333,0.539775281,12.67,37.7109,26.0288,2.197,1.43,731,0.021710526
2E,Ant,3,15%,18°C,3,Hg50,0.5,0.625,0.419,0.206,0.125,0.0669,0.0485,0.0184,0.5581,0.3705,0.1876,0.379381443,0.50634278,10.67,32.5845,25.3243,2.4739,1.566,822,0.01171875
3E,B285,3,15%,18°C,1,Hg50,0.51,0.695,0.489,0.206,0.185,0.076,0.063,0.013,0.619,0.426,0.193,0.206349206,0.453051643,5.67,154.0871,53.9697,1.1149,1.504,1948,0.032647059
1E,B289,5,15%,18°C,3,Hg50,0.516,0.223,0.156,0.067,-0.293,0.0536,0.0429,0.0107,0.1694,0.1131,0.0563,0.249417249,0.497789567,1.67,48.8875,15.8808,1.034,0.411,557,-0.1758
4E,Ant,5,15%,18°C,1,Hg50,0.54,0.24,0.125,0.115,-0.3,0.0675,0.048,0.0195,0.1725,0.077,0.0955,0.40625,1.24025974,0.00,36.9592,13.7553,1.1847,0.407,541,#DIV/0!
2E,B284,4,15%,18°C,3,Hg50,0.543,0.357,0.234,0.123,-0.186,0.0537,0.0428,0.0109,0.3033,0.1912,0.1121,0.254672897,0.586297071,0.33,25.6285,13.6766,1.6987,0.581,473,-0.558
1E,Ant,2,15%,18°C,3,Hg50,0.545,0.53,0.364,0.166,-0.015,0.0769,0.0575,0.0194,0.4531,0.3065,0.1466,0.337391304,0.478303426,6.67,83.9448,23.3773,0.8864,0.518,1029,-0.00225
1E,B289,3,15%,18°C,3,Hg50,0.545,0.593,0.47,0.123,0.048,0.0801,0.0636,0.0165,0.5129,0.4064,0.1065,0.259433962,0.262057087,9.67,70.7568,20.5002,0.9222,0.473,604,0.004965517
3E,B285,2,15%,18°C,1,Hg50,0.55,0.51,0.33,0.18,-0.04,0.0609,0.0501,0.0108,0.4491,0.2799,0.1692,0.215568862,0.604501608,2.67,222.1516,46.7628,0.67,0.783,1675,-0.015
1E,B284,2,15%,18°C,3,Hg50,0.571,0.458,0.35,0.108,-0.113,0.0645,0.047,0.0175,0.3935,0.303,0.0905,0.372340426,0.298679868,4.67,36.7526,17.3971,1.5067,0.655,372,-0.024214286
2E,Ant,4,15%,18°C,3,Hg50,0.578,0.747,0.496,0.251,0.169,0.0816,0.0598,0.0218,0.6654,0.4362,0.2292,0.364548495,0.525447043,9.67,88.7668,29.8808,1.0715,0.8,1300,0.017482759
2E,B284,2,15%,18°C,3,Hg50,0.589,0.583,0.39,0.193,-0.006,0.0708,0.0547,0.0161,0.5122,0.3353,0.1769,0.294332724,0.527587235,2.33,7.079,21.5636,9.6962,5.227,605,-0.002571429
1E,Ant,5,15%,18°C,3,Hg50,0.603,0.72,0.52,0.2,0.117,0.102,0.074,0.028,0.618,0.446,0.172,0.378378378,0.385650224,9.67,71.4591,26.0989,1.1626,0.759,748,0.012103448
1E,B284,1,15%,18°C,3,Hg50,0.605,0.617,0.472,0.145,0.012,0.0762,0.057,0.0192,0.5408,0.415,0.1258,0.336842105,0.30313253,5.67,88.5329,26.2257,0.9429,0.618,805,0.002117647
1E,B285,1,15%,18°C,3,Hg50,0.606,0.567,0.406,0.161,-0.039,0.0722,0.0554,0.0168,0.4948,0.3506,0.1442,0.303249097,0.411294923,6.67,61.2313,25.4199,1.3214,0.84,866,-0.00585
1E,B284,3,15%,18°C,3,Hg50,0.611,0.27,0.187,0.083,-0.341,0.0592,0.0459,0.0133,0.2108,0.1411,0.0697,0.289760349,0.493975904,0.67,135.8508,23.0984,0.5412,0.313,966,-0.5115
1E,Bow,2,15%,18°C,3,Hg50,0.618,0.537,0.353,0.184,-0.081,0.0713,0.0535,0.0178,0.4657,0.2995,0.1662,0.33271028,0.554924875,5.67,65.8944,28.5398,1.3786,0.984,1127,-0.014294118
1E,B289,2,15%,18°C,3,Hg50,0.621,0.615,0.479,0.136,-0.006,0.0856,0.0664,0.0192,0.5294,0.4126,0.1168,0.289156627,0.283082889,6.67,62.876,23.9252,1.2112,0.724,851,-0.0009
3E,B289,1,15%,18°C,1,Hg50,0.626,0.82,0.566,0.254,0.194,0.086,0.068,0.018,0.734,0.498,0.236,0.264705882,0.473895582,6.67,89.0535,33.4393,1.1952,0.999,1174,0.0291
1E,B284,4,15%,18°C,3,Hg50,0.659,0.694,0.455,0.239,0.035,0.0966,0.0752,0.0214,0.5974,0.3798,0.2176,0.284574468,0.572933123,5.67,84.6134,33.0126,1.2419,1.025,1061,0.006176471
3E,B284,1,15%,18°C,1,Hg50,0.66,0.873,0.551,0.322,0.213,0.0982,0.0718,0.0264,0.7748,0.4792,0.2956,0.367688022,0.616861436,5.67,118.4749,32.1378,0.8635,0.694,1063,0.037588235
3E,Ant,1,15%,18°C,1,Hg50,0.66,0.946,0.626,0.32,0.286,,0.081,,,0.545,,,,8.67,,,,,,0.033
1E,B285,2,15%,18°C,3,Hg50,0.661,0.876,0.418,0.458,0.215,0.0727,0.0556,0.0171,0.8033,0.3624,0.4409,0.307553957,1.216611479,3.67,111.8358,25.2988,0.7201,0.455,1081,0.058636364
3E,B285,5,15%,18°C,1,Hg50,0.675,0.3,0.212,0.088,-0.375,0.0614,0.0484,0.013,0.2386,0.1636,0.075,0.268595041,0.458435208,0.67,264.6513,72.3654,0.8704,1.575,3228,-0.5625
2E,B290,3,15%,18°C,3,Hg50,0.682,0.908,0.67,0.238,0.226,0.0989,0.0718,0.0271,0.8091,0.5982,0.2109,0.377437326,0.352557673,13.33,54.8738,34.8726,2.0229,1.764,1205,0.01695
3E,Ant,2,15%,18°C,1,Hg50,0.682,0.965,0.647,0.318,0.283,,0.0796,,,0.5674,,,,7.67,,,,,,0.036913043
3E,B284,4,15%,18°C,1,Hg50,0.684,0.939,0.603,0.336,0.255,0.1038,0.078,0.0258,0.8352,0.525,0.3102,0.330769231,0.590857143,6.67,72.7707,35.2727,1.5429,1.361,1179,0.03825
2E,B289,5,15%,18°C,3,Hg50,0.685,0.638,0.536,0.102,-0.047,0.0764,0.056,0.0204,0.5616,0.48,0.0816,0.364285714,0.17,14.33,71.7814,21.8881,0.9706,0.531,691,-0.00327907
2E,B290,2,15%,18°C,3,Hg50,0.689,0.921,0.65,0.271,0.232,0.0915,0.0656,0.0259,0.8295,0.5844,0.2451,0.394817073,0.419404517,7.33,44.1269,36.8586,2.6588,2.45,1209,0.031636364
2E,B289,3,15%,18°C,3,Hg50,0.704,0.188,0.111,0.077,-0.516,0.1021,0.0766,0.0255,0.0859,0.0344,0.0515,0.332898172,1.497093023,10.33,42.7602,29.5712,2.2013,1.627,870,-0.049935484
2E,B285,2,15%,18°C,3,Hg50,0.709,0.651,0.419,0.232,-0.058,0.0675,0.0494,0.0181,0.5835,0.3696,0.2139,0.366396761,0.578733766,3.33,70.4131,29.473,1.3324,0.982,1130,-0.0174
1E,Bow,4,15%,18°C,3,Hg50,0.715,0.32,0.165,0.155,-0.395,0.0625,0.0477,0.0148,0.2575,0.1173,0.1402,0.310272537,1.195225916,0.67,45.2403,25.1592,1.7702,1.113,875,-0.5925
1E,B284,5,15%,18°C,3,Hg50,0.732,0.927,0.65,0.277,0.195,0.1322,0.0962,0.036,0.7948,0.5538,0.241,0.374220374,0.435175153,8.67,93.5512,34.7806,1.1834,1.029,737,0.0225
1E,B289,4,15%,18°C,3,Hg50,0.741,0.623,0.392,0.231,-0.118,0.0994,0.0764,0.023,0.5236,0.3156,0.208,0.30104712,0.659062104,5.67,90.3697,28.342,0.9983,0.707,1036,-0.020823529
1E,Ant,4,15%,18°C,3,Hg50,0.742,0.913,0.627,0.286,0.171,0.096,0.077,0.019,0.817,0.55,0.267,0.246753247,0.485454545,10.67,175.3697,39.0527,0.7088,0.692,1854,0.01603125
2E,Bow,5,15%,18°C,3,Hg50,0.751,1.063,0.74,0.323,0.312,0.1054,0.0754,0.03,0.9576,0.6646,0.293,0.397877984,0.440866687,9.33,51.6582,41.3921,2.5505,2.639,1180,0.033428571
1E,Bow,5,15%,18°C,3,Hg50,0.757,0.673,0.436,0.237,-0.084,0.082,0.062,0.02,0.591,0.374,0.217,0.322580645,0.580213904,5.67,168.1171,39.9489,0.7564,0.755,1789,-0.014823529
1E,B285,3,15%,18°C,3,Hg50,0.777,0.945,0.736,0.209,0.168,0.1122,0.0874,0.0248,0.8328,0.6486,0.1842,0.28375286,0.2839963,10.67,93.9726,38.7096,1.3112,1.269,914,0.01575
1E,B285,4,15%,18°C,3,Hg50,0.809,0.633,0.498,0.135,-0.176,0.0856,0.0723,0.0133,0.5474,0.4257,0.1217,0.18395574,0.285882077,7.67,148.5646,34.0036,0.7286,0.619,1333,-0.022956522
1E,Ant,1,15%,18°C,3,Hg50,0.811,0.898,0.622,0.276,0.087,0.1021,0.0781,0.024,0.7959,0.5439,0.252,0.307298335,0.463320463,10.67,208.5922,40.8506,0.6234,0.637,2323,0.00815625
2E,B290,5,15%,18°C,3,Hg50,0.811,0.995,0.71,0.285,0.184,0.1049,0.0733,0.0316,0.8901,0.6367,0.2534,0.431105048,0.397989634,11.33,99.4724,48.7818,1.561,1.904,1859,0.016235294
4E,B284,1,15%,18°C,1,Hg50,0.82,0.468,0.245,0.223,-0.352,0.0835,0.0612,0.0223,0.3845,0.1838,0.2007,0.364379085,1.091947769,0.00,50.09,32.2451,2.0491,1.652,1126,#DIV/0!
3E,B289,2,15%,18°C,1,Hg50,0.826,0.49,0.245,0.245,-0.336,0.0734,0.0558,0.0176,0.4166,0.1892,0.2274,0.315412186,1.201902748,1.67,88.6975,30.0506,1.0784,0.81,1059,-0.2016
4E,B290,1,15%,18°C,1,Hg50,0.831,0.444,0.215,0.229,-0.387,0.0832,0.0624,0.0208,0.3608,0.1526,0.2082,0.333333333,1.364351245,3.00,71.6349,28.4073,1.2623,0.896,1124,-0.129
2E,B285,5,15%,18°C,3,Hg50,0.838,1.169,0.74,0.429,0.331,0.0895,0.0646,0.0249,1.0795,0.6754,0.4041,0.385448916,0.598312111,8.33,25.3723,34.9303,4.3822,3.827,1059,0.03972
3E,Ant,4,15%,18°C,1,Hg50,0.854,1.346,0.862,0.484,0.492,,0.1136,,,0.7484,,,,14.67,,,,,,0.033545455
2E,Bow,1,15%,18°C,3,Hg50,0.858,0.709,0.463,0.246,-0.149,0.0868,0.0685,0.0183,0.6222,0.3945,0.2277,0.267153285,0.577186312,5.33,102.1212,35.3294,1.1012,0.973,1379,-0.0279375
3E,B284,3,15%,18°C,1,Hg50,0.86,0.888,0.525,0.363,0.028,0.1113,0.0843,0.027,0.7767,0.4407,0.336,0.320284698,0.762423417,3.67,131.4316,42.3006,1.0245,1.083,1786,0.007636364
3E,B290,1,15%,18°C,1,Hg50,0.86,1.043,0.63,0.413,0.183,0.1032,0.0826,0.0206,0.9398,0.5474,0.3924,0.249394673,0.716843259,8.67,212.2522,50.4259,0.7562,0.953,2215,0.021115385
2E,B284,3,15%,18°C,3,Hg50,0.876,0.685,0.405,0.28,-0.191,0.0833,0.0628,0.0205,0.6017,0.3422,0.2595,0.326433121,0.758328463,3.33,20.925,25.8404,3.9308,2.539,723,-0.0573
3E,Ant,5,15%,18°C,1,Hg50,0.883,1.343,0.912,0.431,0.46,0.1604,0.1197,0.0407,1.1826,0.7923,0.3903,0.340016708,0.492616433,13.67,,,,,,0.033658537
1E,B285,5,15%,18°C,3,Hg50,0.888,0.59,0.415,0.175,-0.298,0.11,0.0875,0.0225,0.48,0.3275,0.1525,0.257142857,0.465648855,5.67,104.8804,31.7861,0.9647,0.767,1250,-0.052588235
2E,B289,4,15%,18°C,3,Hg50,0.89,0.95,0.66,0.29,0.06,0.1008,0.0735,0.0273,0.8492,0.5865,0.2627,0.371428571,0.447911338,7.33,68.2308,37.2401,1.7373,1.617,958,0.008181818
4E,B284,2,15%,18°C,1,Hg50,0.894,0.96,0.464,0.496,0.066,0.1532,0.111,0.0422,0.8068,0.353,0.4538,0.38018018,1.285552408,2.00,106.2906,74.8874,2.2427,4.199,3008,0.033
3E,B290,5,15%,18°C,1,Hg50,0.895,0.76,0.5,0.26,-0.135,0.1022,0.0764,0.0258,0.6578,0.4236,0.2342,0.337696335,0.552880076,3.67,93.9063,24.3564,0.8256,0.503,832,-0.036818182
3E,Bow,2,15%,18°C,1,Hg50,0.896,1.007,0.637,0.37,0.111,0.0999,0.0774,0.0225,0.9071,0.5596,0.3475,0.290697674,0.620979271,6.67,83.0096,44.6695,1.7129,1.913,1431,0.01665
3E,B289,3,15%,18°C,1,Hg50,0.902,0.924,0.564,0.36,0.022,0.1042,0.0771,0.0271,0.8198,0.4869,0.3329,0.351491569,0.683713288,5.67,175.8257,40.0705,0.7254,0.727,1423,0.003882353
2E,Bow,2,15%,18°C,3,Hg50,0.906,1.06,0.79,0.27,0.154,0.1079,0.0794,0.0285,0.9521,0.7106,0.2415,0.358942065,0.339853645,12.33,310.7685,50.1026,0.5132,0.643,2928,0.012486486
1E,Bow,3,15%,18°C,3,Hg50,0.915,0.487,0.293,0.194,-0.428,0.0764,0.0567,0.0197,0.4106,0.2363,0.1743,0.347442681,0.737621667,4.67,248.5023,39.2116,0.5023,0.492,1874,-0.091714286
3E,Ant,3,15%,18°C,1,Hg50,0.915,1.359,0.888,0.471,0.444,0.1338,0.1068,0.027,1.2252,0.7812,0.444,0.252808989,0.568356375,12.67,,,,,,0.035052632
2E,B290,4,15%,18°C,3,Hg50,0.919,1.163,0.82,0.343,0.244,0.1207,0.0846,0.0361,1.0423,0.7354,0.3069,0.426713948,0.417323905,11.33,38.5051,49.6236,4.1022,5.089,1346,0.021529412
2E,B289,2,15%,18°C,3,Hg50,0.92,0.903,0.744,0.159,-0.017,0.094,0.074,0.02,0.809,0.67,0.139,0.27027027,0.207462687,8.33,131.5215,34.4768,0.8344,0.719,1043,-0.00204
3E,B284,2,15%,18°C,1,Hg50,0.929,1.36,0.868,0.492,0.431,0.1386,0.0991,0.0395,1.2214,0.7689,0.4525,0.398587286,0.588503056,8.67,150.5436,45.7987,0.9684,1.109,1271,0.049730769
3E,B284,2,15%,18°C,1,Hg50,0.929,1.36,0.868,0.492,0.431,0.1386,0.0991,0.0395,1.2214,0.7689,0.4525,0.398587286,0.588503056,8.67,150.5436,45.7987,0.9684,1.109,1271,0.049730769
4E,B289,5,15%,18°C,1,Hg50,0.937,0.593,0.29,0.303,-0.344,0.096,0.0657,0.0303,0.497,0.2243,0.2727,0.461187215,1.215782434,0.00,110.1383,39.8159,1.1507,1.145,1886,#DIV/0!
4E,Ant,2,15%,18°C,1,Hg50,0.94,0.921,0.555,0.366,-0.019,0.1285,0.0961,0.0324,0.7925,0.4589,0.3336,0.337148803,0.726955764,5.00,82.5173,44.9024,1.7321,1.944,1932,-0.0038
4E,Ant,1,15%,18°C,1,Hg50,0.948,1.04,0.648,0.392,0.092,0.127,0.0929,0.0341,0.913,0.5551,0.3579,0.367061356,0.644748694,6.00,63.9864,41.0978,2.0445,2.101,1561,0.015333333
1E,B290,1,15%,18°C,3,Hg50,0.95,0.801,0.498,0.303,-0.149,0.0613,0.0383,0.023,0.7397,0.4597,0.28,0.600522193,0.609092887,4.67,156.1711,45.1245,0.9197,1.038,2104,-0.031928571
3E,B285,4,15%,18°C,1,Hg50,0.953,0.99,0.68,0.31,0.037,0.2035,0.1794,0.0241,0.7865,0.5006,0.2859,0.134336678,0.571114662,12.67,165.1454,49.5153,0.9544,1.181,2063,0.002921053
4E,Ant,3,15%,18°C,1,Hg50,0.954,0.948,0.6,0.348,-0.006,0.1314,0.0969,0.0345,0.8166,0.5031,0.3135,0.356037152,0.623136553,6.00,16.9646,36.4924,6.8471,6.247,1056,-0.001
3E,B289,5,15%,18°C,1,Hg50,0.959,0.845,0.515,0.33,-0.114,0.1062,0.0842,0.022,0.7388,0.4308,0.308,0.26128266,0.714948932,4.67,68.0473,37.4525,1.7519,1.64,1372,-0.024428571
1E,B290,2,15%,18°C,3,Hg50,1.003,0.683,0.339,0.344,-0.32,0.0934,0.0664,0.027,0.5896,0.2726,0.317,0.406626506,1.162876009,5.67,206.2294,48.6997,0.7517,0.915,2316,-0.056470588
4E,B290,2,15%,18°C,1,Hg50,1.031,0.61,0.305,0.305,-0.421,0.0756,0.0561,0.0195,0.5344,0.2489,0.2855,0.347593583,1.147047007,1.00,102.2664,42.3704,1.3188,1.397,1702,-0.421
4E,Bow,2,15%,18°C,1,Hg50,1.042,0.521,0.205,0.316,-0.521,0.0785,0.0585,0.02,0.4425,0.1465,0.296,0.341880342,2.020477816,2.00,48.0843,46.0114,3.0459,3.504,1646,-0.2605
4E,Bow,3,15%,18°C,1,Hg50,1.044,0.645,0.364,0.281,-0.399,0.0934,0.0621,0.0313,0.5516,0.3019,0.2497,0.504025765,0.827095065,3.00,29.0215,37.1867,4.0787,3.792,1138,-0.133
1E,B290,3,15%,18°C,3,Hg50,1.07,0.616,0.327,0.289,-0.454,0.0854,0.0636,0.0218,0.5306,0.2634,0.2672,0.342767296,1.014426727,2.67,218.3187,49.2536,0.7181,0.884,1883,-0.17025
1E,B290,4,15%,18°C,3,Hg50,1.077,0.765,0.428,0.337,-0.312,0.1004,0.0764,0.024,0.6646,0.3516,0.313,0.314136126,0.890216155,4.67,242.324,49.3753,0.6486,0.801,1784,-0.066857143
3E,Bow,3,15%,18°C,1,Hg50,1.08,1.263,0.829,0.434,0.183,0.1361,0.1011,0.035,1.1269,0.7279,0.399,0.346191889,0.548152219,9.67,175.64,45.7235,0.8286,0.947,1943,0.018931034
4E,Ant,4,15%,18°C,1,Hg50,1.085,0.971,0.57,0.401,-0.114,0.1402,0.0981,0.0421,0.8308,0.4719,0.3589,0.429153925,0.760542488,4.00,73.2752,42.6001,1.8506,1.971,1444,-0.0285
2E,B290,1,15%,18°C,3,Hg50,1.093,0.72,0.391,0.329,-0.373,0.1009,0.0739,0.027,0.6191,0.3171,0.302,0.365358593,0.952380952,9.33,53.5648,53.0812,3.1544,4.186,2343,-0.039964286
2E,B290,1,15%,18°C,3,Hg50,1.093,0.72,0.391,0.329,-0.373,0.1009,0.0739,0.027,0.6191,0.3171,0.302,0.365358593,0.952380952,9.33,53.5648,53.0812,3.1544,4.186,2343,-0.039964286
4E,Bow,5,15%,18°C,1,Hg50,1.116,0.636,0.279,0.357,-0.48,0.1231,0.0888,0.0343,0.5129,0.1902,0.3227,0.386261261,1.696635121,4.00,74.8008,46.1679,1.9646,2.268,1735,-0.12
4E,B290,4,15%,18°C,1,Hg50,1.117,0.853,0.516,0.337,-0.264,0.1009,0.0779,0.023,0.7521,0.4381,0.314,0.295250321,0.71673134,3.00,34.5671,46.6407,4.2949,5.008,1489,-0.088
4E,Bow,1,15%,18°C,1,Hg50,1.131,0.668,0.29,0.378,-0.463,0.1022,0.0763,0.0259,0.5658,0.2137,0.3521,0.339449541,1.647636874,0.00,46.2818,42.3271,2.9111,3.08,1474,#DIV/0!
3E,Bow,5,15%,18°C,1,Hg50,1.145,1.48,0.984,0.496,0.335,0.1482,0.1082,0.04,1.3318,0.8758,0.456,0.369685767,0.520666819,11.67,169.618,57.5509,1.08,1.554,1750,0.028714286
4E,B285,2,15%,18°C,1,Hg50,1.155,0.612,0.329,0.283,-0.543,0.108,0.086,0.022,0.504,0.243,0.261,0.255813953,1.074074074,0.00,114.1408,46.5577,1.2984,1.511,1846,#DIV/0!
3E,Bow,4,15%,18°C,1,Hg50,1.173,1.576,0.958,0.618,0.403,0.1768,0.128,0.0488,1.3992,0.83,0.5692,0.38125,0.685783133,12.67,80.9335,52.6319,2.07,2.724,1623,0.031815789
3E,B290,4,15%,18°C,1,Hg50,1.18,1.152,0.64,0.512,-0.028,0.1296,0.095,0.0346,1.0224,0.545,0.4774,0.364210526,0.875963303,4.67,201.6076,53.3751,0.8427,1.125,1895,-0.006
4E,Bow,4,15%,18°C,1,Hg50,1.202,0.537,0.279,0.258,-0.665,0.0954,0.0704,0.025,0.4416,0.2086,0.233,0.355113636,1.116970278,2.00,32.0717,38.1481,3.7862,3.611,1087,-0.3325
4E,B285,4,15%,18°C,1,Hg50,1.229,0.599,0.31,0.289,-0.63,0.1139,0.0889,0.025,0.4851,0.2211,0.264,0.281214848,1.194029851,1.00,95.5954,51.7262,1.7224,2.227,2095,-0.63
4E,B285,3,15%,18°C,1,Hg50,1.229,0.678,0.353,0.325,-0.551,0.118,0.093,0.025,0.56,0.26,0.3,0.268817204,1.153846154,0.00,97.5295,47.7055,1.557,1.857,2089,#DIV/0!
4E,B285,5,15%,18°C,1,Hg50,1.248,0.491,0.237,0.254,-0.757,0.1026,0.0776,0.025,0.3884,0.1594,0.229,0.322164948,1.43663739,1.00,71.664,40.0846,1.7804,1.784,1731,-0.757
4E,B285,1,15%,18°C,1,Hg50,1.248,0.625,0.291,0.334,-0.623,0.1213,0.0891,0.0322,0.5037,0.2019,0.3018,0.361391695,1.494799406,0.00,85.4449,46.6768,1.7389,2.029,1913,#DIV/0!
4E,B289,4,15%,18°C,1,Hg50,1.26,0.743,0.374,0.369,-0.517,0.1414,0.102,0.0394,0.6016,0.272,0.3296,0.38627451,1.211764706,2.00,100.0188,50.9843,1.6226,2.068,2224,-0.2585
4E,B290,3,15%,18°C,1,Hg50,1.3,0.685,0.342,0.343,-0.615,0.1182,0.0858,0.0324,0.5668,0.2562,0.3106,0.377622378,1.212334114,0.00,67.8954,43.4477,2.0369,2.213,1548,#DIV/0!
3E,Bow,1,15%,18°C,1,Hg50,1.374,1.29,1.718,-0.428,-0.084,0.1405,0.1019,0.0386,1.1495,1.6161,-0.4666,0.378802748,-0.288719757,4.67,153.0543,63.2654,1.3157,2.081,2516,-0.018
4E,B289,1,15%,18°C,1,Hg50,1.377,0.767,0.321,0.446,-0.61,0.1273,0.0898,0.0375,0.6397,0.2312,0.4085,0.417594655,1.766868512,0.00,224.0277,67.4366,0.9582,1.615,3819,#DIV/0!
4E,B284,4,15%,18°C,1,Hg50,1.38,1.115,0.55,0.565,-0.265,0.1606,0.1168,0.0438,0.9544,0.4332,0.5212,0.375,1.203139428,3.00,25.9832,58.4188,7.1566,10.452,1815,-0.088333333
3E,B289,4,15%,18°C,1,Hg50,1.389,0.87,0.485,0.385,-0.519,0.1251,0.0915,0.0336,0.7449,0.3935,0.3514,0.367213115,0.893011436,2.67,149.0689,44.8048,0.9567,1.072,1814,-0.194625
3E,B290,2,15%,18°C,1,Hg50,1.395,0.872,0.419,0.453,-0.523,0.1213,0.0902,0.0311,0.7507,0.3288,0.4219,0.344789357,1.283150852,2.67,218.1882,55.8946,0.8154,1.139,2462,-0.196125
4E,B289,3,15%,18°C,1,Hg50,1.431,0.869,0.404,0.465,-0.562,0.1339,0.0977,0.0362,0.7351,0.3063,0.4288,0.370522006,1.399934705,2.00,87.77,58.7531,2.1308,3.13,2192,-0.281
4E,B284,5,15%,18°C,1,Hg50,1.604,0.709,0.312,0.397,-0.895,0.1136,0.077,0.0366,0.5954,0.235,0.3604,0.475324675,1.533617021,4.00,53.4132,45.3532,2.7028,3.064,1619,-0.22375
4E,B284,3,15%,18°C,1,Hg50,1.665,1.201,0.611,0.59,-0.464,0.1667,0.1172,0.0495,1.0343,0.4938,0.5405,0.422354949,1.094572701,5.00,41.093,56.3922,4.3682,6.158,1708,-0.0928
4E,B289,2,15%,18°C,1,Hg50,1.695,0.964,0.53,0.434,-0.731,0.1584,0.1184,0.04,0.8056,0.4116,0.394,0.337837838,0.957240039,4.00,181.0449,71.6898,1.2604,2.259,3437,-0.18275
3E,B290,3,15%,18°C,1,Hg50,1.8,1.683,1.021,0.662,-0.117,0.1622,0.1121,0.0501,1.5208,0.9089,0.6119,0.446922391,0.673231379,7.67,251.5178,64.7645,0.8196,1.327,1780,-0.01526087
4E,B290,5,15%,18°C,1,Hg50,1.856,1.29,0.605,0.685,-0.566,0.1638,0.1055,0.0583,1.1262,0.4995,0.6267,0.552606635,1.254654655,6.00,179.5105,85.0574,1.5082,3.207,3580,-0.094333333
4E,B290,5,15%,18°C,1,Hg50,1.856,1.29,0.605,0.685,-0.566,0.1638,0.1055,0.0583,1.1262,0.4995,0.6267,0.552606635,1.254654655,6.00,179.5105,85.0574,1.5082,3.207,3580,-0.094333333
EXP,plant,rep,PEG,Temp,Weiss,,IFW,FFW,SFFW,RFFW,CFW,TDW,SDW,RDW,TWC,SWC,RWC,DR:S,W CR:S ,WU,RL,RSA,RAD,RV,RT,#VALUE!
1E,B284,2,0%,4°C,1,Hg50,0.165,0.294,0.211,0.083,0.129,0.0403,0.0311,0.0092,0.2537,0.1799,0.0738,0.295819936,0.410227904,3.67,26.1454,5.5922,0.6808,0.095,100,0.035181818
2E,Ant,1,15%,4°C,1,Hg50,0.255,0.306,0.2,0.106,0.051,0.044,0.0287,0.0153,0.262,0.1713,0.0907,0.533101045,0.529480444,2.33,29.9033,6.8122,0.7251,0.123,129,0.021857143
2E,B289,4,15%,4°C,1,Hg50,0.282,0.363,0.281,0.082,0.081,0.0532,0.0386,0.0146,0.3098,0.2424,0.0674,0.378238342,0.278052805,3.33,30.4376,10.965,1.1467,0.314,140,0.0243
2E,B289,3,0%,4°C,1,Hg50,0.192,0.281,0.221,0.06,0.089,0.0347,0.0243,0.0104,0.2463,0.1967,0.0496,0.427983539,0.252160651,8.33,47.3763,8.973,0.6029,0.135,150,0.01068
2E,B284,4,0%,4°C,1,Hg50,0.121,0.289,0.19,0.099,0.168,0.0335,0.0237,0.0098,0.2555,0.1663,0.0892,0.41350211,0.536380036,3.33,23.523,7.4327,1.0058,0.187,153,0.0504
1E,Bow,5,15%,4°C,1,Hg50,0.355,0.393,0.303,0.09,0.038,0.0676,0.0519,0.0157,0.3254,0.2511,0.0743,0.302504817,0.295898049,5.67,46.5904,10.9389,0.7474,0.204,158,0.006705882
2E,B289,5,0%,4°C,1,Hg50,0.338,0.48,0.392,0.088,0.142,0.0668,0.0491,0.0177,0.4132,0.3429,0.0703,0.360488798,0.20501604,10.33,43.4097,10.5961,0.777,0.206,166,0.013741935
2E,B285,5,15%,4°C,1,Hg50,0.304,0.472,0.337,0.135,0.168,0.0631,0.0467,0.0164,0.4089,0.2903,0.1186,0.35117773,0.408542887,3.33,48.9833,10.3641,0.6735,0.175,189,0.0504
0E,B284,9,15%,4C,1,Hg50,,0.141,0.07,0.071,,,,,,,,,,1.333333333,11.3188,6.5503,1.8421,0.302,191,0
0E,Ant,7,15%,4C,1,Hg50,,0.267,0.167,0.1,,,,,,,,,,2.333333333,36.1754,7.7142,0.6788,0.131,221,0
2E,B289,2,0%,4°C,1,Hg50,0.392,0.677,0.533,0.144,0.285,0.0721,0.0505,0.0216,0.6049,0.4825,0.1224,0.427722772,0.253678756,11.33,90.6203,17.0262,0.5981,0.255,229,0.025147059
0E,Ant,4,15%,4C,1,Hg50,,0.217,0.151,0.066,,,,,,,,,,4.333333333,30.7864,5.9205,0.6121,0.091,229,0
1E,B289,5,15%,4°C,1,Hg50,0.292,0.311,0.216,0.095,0.019,0.1059,0.0943,0.0116,0.2051,0.1217,0.0834,0.123011665,0.685291701,2.67,21.3153,8.6796,1.2962,0.281,240,0.007125
2E,B289,3,15%,4°C,1,Hg50,0.376,0.526,0.413,0.113,0.15,0.0679,0.0491,0.0188,0.4581,0.3639,0.0942,0.382892057,0.258862325,5.33,54.5701,12.8928,0.752,0.242,241,0.028125
1E,Ant,4,15%,4°C,1,Hg50,0.263,0.184,0.113,0.071,-0.079,0.032,0.0239,0.0081,0.152,0.0891,0.0629,0.338912134,0.705948373,3.67,24.6919,5.0279,0.6482,0.081,244,-0.021545455
0E,Ant,3,0%,4C,1,Hg50,,0.398,0.26,0.138,,,,,,,,,,8.5,39.8833,9.1126,0.7273,0.166,248,0
2E,B284,3,15%,4°C,1,Hg50,0.34,0.609,0.406,0.203,0.269,0.0809,0.0569,0.024,0.5281,0.3491,0.179,0.421792619,0.512747064,5.33,29.7647,16.8899,1.8062,0.763,257,0.0504375
2E,Bow,3,15%,4°C,1,Hg50,0.174,0.242,0.181,0.061,0.068,0.0374,0.0276,0.0098,0.2046,0.1534,0.0512,0.355072464,0.333767927,1.33,33.4904,7.2891,0.6928,0.126,262,0.051
2E,Bow,1,15%,4°C,1,Hg50,0.307,0.426,0.3,0.126,0.119,0.0596,0.0427,0.0169,0.3664,0.2573,0.1091,0.395784543,0.424018655,3.33,30.9197,10.4309,1.0738,0.28,270,0.0357
0E,Ant,9,15%,4C,1,Hg50,,0.179,0.138,0.041,,,,,,,,,,3.333333333,27.9795,5.2832,0.601,0.079,275,0
0E,B290,2,15%,4C,1,Hg50,,0.266,0.182,0.084,,,,,,,,,,2.333333333,43.1078,11.5416,0.8522,0.246,277,0
2E,B289,1,0%,4°C,1,Hg50,0.418,0.699,0.547,0.152,0.281,0.0904,0.0667,0.0237,0.6086,0.4803,0.1283,0.355322339,0.267124714,15.33,71.0543,16.549,0.7414,0.307,284,0.018326087
1E,B290,4,0%,4°C,1,Hg50,0.291,0.518,0.35,0.168,0.227,0.0646,0.0504,0.0142,0.4534,0.2996,0.1538,0.281746032,0.513351135,9.67,53.2345,12.9705,0.7756,0.251,285,0.023482759
2E,B290,1,15%,4°C,1,Hg50,0.279,0.405,0.276,0.129,0.126,0.0519,0.0357,0.0162,0.3531,0.2403,0.1128,0.453781513,0.469413233,4.33,45.7103,10.8102,0.7528,0.203,286,0.029076923
1E,B285,5,15%,4°C,1,Hg50,0.287,0.245,0.183,0.062,-0.042,0.0355,0.0345,0.001,0.2095,0.1485,0.061,0.028985507,0.410774411,1.67,40.7967,8.3441,0.651,0.136,292,-0.0252
0E,B285,10,15%,4C,1,Hg50,,0.29,0.2,0.09,,,,,,,,,,6.333333333,37.6957,9.5943,0.8102,0.194,301,0
2E,B289,4,0%,4°C,1,Hg50,0.484,0.814,0.631,0.183,0.33,0.1002,0.071,0.0292,0.7138,0.56,0.1538,0.411267606,0.274642857,14.33,115.4192,25.7506,0.7102,0.457,313,0.023023256
2E,B285,4,15%,4°C,1,Hg50,0.237,0.387,0.231,0.156,0.15,0.0524,0.0375,0.0149,0.3346,0.1935,0.1411,0.397333333,0.729198966,1.33,17.0066,10.3427,1.9358,0.501,317,0.1125
2E,B289,5,15%,4°C,1,Hg50,0.451,0.575,0.41,0.165,0.124,0.0786,0.0539,0.0247,0.4964,0.3561,0.1403,0.45825603,0.393990452,6.33,53.6302,17.3287,1.0285,0.446,317,0.019578947
2E,Ant,3,15%,4°C,1,Hg50,0.224,0.235,0.15,0.085,0.011,0.0387,0.0279,0.0108,0.1963,0.1221,0.0742,0.387096774,0.607698608,2.33,36.4403,6.3637,0.5559,0.088,319,0.004714286
0E,Ant,1,15%,4C,1,Hg50,,0.193,0.143,0.05,,,,,,,,,,3.333333333,33.2677,6.496,0.6216,0.101,320,0
0E,B289,2,15%,4C,1,Hg50,,0.506,0.328,0.178,,,,,,,,,,6.333333333,69.4268,15.4875,0.7101,0.275,321,0
2E,B289,2,15%,4°C,1,Hg50,0.361,0.5,0.36,0.14,0.139,0.0691,0.0477,0.0214,0.4309,0.3123,0.1186,0.448637317,0.379763048,,64.0841,16.9362,0.8412,0.356,328,#DIV/0!
1E,B284,5,0%,4°C,1,Hg50,0.482,1.035,0.752,0.283,0.553,0.1215,0.094,0.0275,0.9135,0.658,0.2555,0.292553191,0.388297872,14.67,74.5462,12.7376,0.5439,0.173,328,0.037704545
0E,B290,3,15%,4C,1,Hg50,,0.26,0.152,0.108,,,,,,,,,,4.333333333,52.5337,12.0024,0.7272,0.218,348,0
2E,B289,1,15%,4°C,1,Hg50,0.473,0.45,0.35,0.1,-0.023,0.0778,0.0598,0.018,0.3722,0.2902,0.082,0.301003344,0.282563749,5.33,48.6158,15.8334,1.0367,0.41,353,-0.0043125
0E,Ant,5,15%,4C,1,Hg50,,0.26,0.186,0.074,,,,,,,,,,5.333333333,46.4011,8.6456,0.5931,0.128,360,0
2E,B284,5,0%,4°C,1,Hg50,0.237,0.442,0.337,0.105,0.205,0.0528,0.0388,0.014,0.3892,0.2982,0.091,0.360824742,0.305164319,5.33,39.7582,10.7592,0.8614,0.232,365,0.0384375
0E,B289,9,0%,4C,1,Hg50,,0.344,0.224,0.12,,,,,,,,,,7.5,34.3029,11.6702,1.0829,0.316,370,0
0E,Ant,6,15%,4C,1,Hg50,,0.274,0.19,0.084,,,,,,,,,,4.333333333,40.367,8.0246,0.6328,0.127,372,0
2E,B284,4,15%,4°C,1,Hg50,0.324,0.462,0.325,0.137,0.138,0.0619,0.0419,0.02,0.4001,0.2831,0.117,0.477326969,0.413281526,4.33,47.2618,15.7507,1.0608,0.418,377,0.031846154
1E,Bow,5,0%,4°C,1,Hg50,0.231,0.468,0.31,0.158,0.237,0.0722,0.0637,0.0085,0.3958,0.2463,0.1495,0.133437991,0.606983354,8.67,41.4255,12.3419,0.9483,0.293,378,0.027346154
0E,B289,10,15%,4C,1,Hg50,,0.484,0.3,0.184,,,,,,,,,,6.333333333,74.8705,17.3902,0.7393,0.321,380,0
1E,B284,2,15%,4°C,1,Hg50,0.416,0.303,0.209,0.094,-0.113,0.0497,0.0367,0.013,0.2533,0.1723,0.081,0.354223433,0.470110273,1.67,83.0749,16.9028,0.6476,0.274,386,-0.0678
0E,Bow,4,15%,4C,1,Hg50,,0.444,0.29,0.154,,,,,,,,,,5.333333333,43.1284,14.8493,1.096,0.407,386,0
1E,B285,4,15%,4°C,1,Hg50,0.354,0.444,0.35,0.094,0.09,0.0689,0.0553,0.0136,0.3751,0.2947,0.0804,0.245931284,0.272819817,1.67,24.7005,12.0749,1.5561,0.47,393,0.054
0E,B284,10,0%,4C,1,Hg50,,0.306,0.201,0.105,,,,,,,,,,10.5,46.8877,11.8721,0.806,0.239,402,0
3E,B284,4,0%,4°C,3,Hg50,0.517,1.022,0.67,0.352,0.505,0.1111,0.081,0.0301,0.9109,0.589,0.3219,0.371604938,0.546519525,20.67,72.9628,23.7018,1.034,0.613,406,0.024435484
4E,Ant,5,15%,4°C,3,Hg50,0.432,0.557,0.332,0.225,0.125,0.0831,0.0572,0.0259,0.4739,0.2748,0.1991,0.452797203,0.724526929,6.00,56.3657,18.8592,1.065,0.502,417,0.020833333
0E,B289,6,15%,4C,1,Hg50,,0.544,0.333,0.211,,,,,,,,,,6.333333333,50.0227,19.4289,1.2363,0.601,423,0
0E,B285,5,15%,4C,1,Hg50,,0.88,0.248,0.632,,,,,,,,,,4.333333333,54.906,13.8432,0.8025,0.278,428,0
2E,B284,5,15%,4°C,1,Hg50,0.495,0.765,0.477,0.288,0.27,0.0929,0.0633,0.0296,0.6721,0.4137,0.2584,0.467614534,0.624607203,5.33,26.8441,24.7173,2.9309,1.811,429,0.050625
0E,B285,9,15%,4C,1,Hg50,,0.383,0.25,0.133,,,,,,,,,,4.333333333,40.7066,12.2515,0.958,0.293,433,0
0E,B284,10,15%,4C,1,Hg50,,0.445,0.274,0.171,,,,,,,,,,2.333333333,39.7384,15.9796,1.28,0.511,445,0
2E,B285,3,15%,4°C,1,Hg50,0.372,0.62,0.388,0.232,0.248,0.0698,0.0532,0.0166,0.5502,0.3348,0.2154,0.312030075,0.643369176,4.33,34.6428,18.157,1.6683,0.757,454,0.057230769
4E,B285,1,15%,4°C,3,Hg50,0.5,0.513,0.333,0.18,0.013,0.0685,0.0535,0.015,0.4445,0.2795,0.165,0.280373832,0.590339893,3.00,22.0173,18.5519,2.6821,1.244,461,0.004333333
0E,Bow,10,15%,4C,1,Hg50,,0.378,0.235,0.143,,,,,,,,,,4.333333333,31.1085,14.7781,1.5121,0.559,461,0
1E,Ant,5,15%,4°C,1,Hg50,0.319,0.41,0.288,0.122,0.091,0.0638,0.0475,0.0163,0.3462,0.2405,0.1057,0.343157895,0.43950104,4.67,40.8885,12.9835,1.0107,0.328,465,0.0195
1E,B285,2,15%,4°C,1,Hg50,0.51,0.464,0.311,0.153,-0.046,0.0659,0.0544,0.0115,0.3981,0.2566,0.1415,0.211397059,0.551441933,0.67,35.2917,14.3253,1.2921,0.463,465,-0.069
0E,B290,6,15%,4C,1,Hg50,,0.493,0.335,0.158,,,,,,,,,,7.333333333,45.4601,18.5453,1.2985,0.602,465,0
1E,B284,4,15%,4°C,1,Hg50,0.305,0.374,0.288,0.086,0.069,0.0533,0.0402,0.0131,0.3207,0.2478,0.0729,0.325870647,0.294188862,3.67,63.7371,13.1319,0.6558,0.215,466,0.018818182
0E,B285,4,15%,4C,1,Hg50,,0.575,0.356,0.219,,,,,,,,,,7.333333333,51.305,18.7691,1.1645,0.546,470,0
0E,Ant,2,0%,4C,1,Hg50,,0.55,0.35,0.2,,,,,,,,,,8.5,49.2456,16.8661,1.0902,0.46,476,0
3E,B284,3,0%,4°C,3,Hg50,0.395,0.884,0.584,0.3,0.489,0.1005,0.0746,0.0259,0.7835,0.5094,0.2741,0.347184987,0.53808402,16.67,70.119,22.1476,1.0054,0.557,482,0.02934
0E,B289,9,15%,4C,1,Hg50,,0.593,0.345,0.248,,,,,,,,,,7.333333333,50.6538,24.2143,1.5216,0.921,483,0
0E,B290,5,15%,4C,1,Hg50,,0.409,0.256,0.153,,,,,,,,,,7.333333333,60.7653,15.3193,0.8025,0.307,490,0
4E,B285,2,15%,4°C,3,Hg50,0.5,0.596,0.39,0.206,0.096,0.0708,0.0571,0.0137,0.5252,0.3329,0.1923,0.239929947,0.577650946,4.00,13.4139,18.7693,4.4539,2.09,495,0.024
1E,B285,3,15%,4°C,1,Hg50,0.464,0.642,0.46,0.182,0.178,0.0889,0.0687,0.0202,0.5531,0.3913,0.1618,0.294032023,0.413493483,4.67,31.9127,18.338,1.8291,0.839,497,0.038142857
1E,B289,3,15%,4°C,1,Hg50,0.448,0.688,0.427,0.261,0.24,0.1171,0.0998,0.0173,0.5709,0.3272,0.2437,0.173346693,0.744804401,5.67,39.7298,20.6151,1.6517,0.851,499,0.042352941
2E,Ant,1,0%,4°C,1,Hg50,0.356,0.661,0.342,0.319,0.305,0.0725,0.047,0.0255,0.5885,0.295,0.2935,0.542553191,0.994915254,8.33,38.6595,18.4471,1.5189,0.7,503,0.0366
0E,B284,4,15%,4C,1,Hg50,,0.268,0.156,0.112,,,,,,,,,,1.333333333,38.0951,10.576,0.8837,0.234,510,0
1E,B285,5,0%,4°C,1,Hg50,0.416,0.804,0.581,0.223,0.388,0.1009,0.0797,0.0212,0.7031,0.5013,0.2018,0.265997491,0.402553361,13.67,63.0241,23.376,1.1806,0.69,511,0.028390244
4E,Ant,1,15%,4°C,3,Hg50,0.442,0.592,0.39,0.202,0.15,0.0853,0.0654,0.0199,0.5067,0.3246,0.1821,0.304281346,0.560998152,6.00,24.7919,18.1478,2.3301,1.057,512,0.025
4E,B290,5,15%,4°C,3,Hg50,0.356,0.428,0.293,0.135,0.072,0.0702,0.0502,0.02,0.3578,0.2428,0.115,0.398406375,0.473640857,4.00,41.7311,16.6548,1.2704,0.529,513,0.018
0E,Bow,9,15%,4C,1,Hg50,,0.644,0.349,0.295,,,,,,,,,,5.333333333,26.1836,21.6332,2.6299,1.422,513,0
0E,B289,8,0%,4C,1,Hg50,,0.602,0.394,0.208,,,,,,,,,,12.5,44.3788,19.5405,1.4016,0.685,519,0
0E,B284,6,15%,4C,1,Hg50,,0.18,0.106,0.074,,,,,,,,,,2.333333333,41.3451,9.8581,0.759,0.187,523,0
4E,Ant,4,15%,4°C,3,Hg50,0.478,0.585,0.4,0.185,0.107,0.0971,0.0722,0.0249,0.4879,0.3278,0.1601,0.344875346,0.488407566,5.00,41.6626,16.2606,1.2423,0.505,525,0.0214
0E,B289,7,15%,4C,1,Hg50,,0.585,0.357,0.228,,,,,,,,,,6.333333333,14.2371,20.7745,4.6447,2.412,527,0
0E,B285,7,15%,4C,1,Hg50,,0.373,0.244,0.129,,,,,,,,,,4.333333333,46.3864,14.2519,0.978,0.348,529,0
0E,B289,3,15%,4C,1,Hg50,,0.595,0.399,0.196,,,,,,,,,,5.333333333,46.1675,19.3181,1.3319,0.643,536,0
0E,B285,2,15%,4C,1,Hg50,,0.499,0.343,0.156,,,,,,,,,,7.333333333,57.1939,15.1091,0.8409,0.318,539,0
3E,B284,4,15%,4°C,3,Hg50,0.5,0.594,0.395,0.199,0.094,0.0917,0.0657,0.026,0.5023,0.3293,0.173,0.395738204,0.525356817,6.67,41.2298,17.9446,1.3854,0.622,542,0.0141
1E,B290,5,15%,4°C,1,Hg50,0.451,0.518,0.37,0.148,0.067,0.0718,0.0543,0.0175,0.4462,0.3157,0.1305,0.32228361,0.413367121,7.67,100.1827,19.5151,0.6201,0.303,544,0.00873913
0E,Bow,5,15%,4C,1,Hg50,,0.466,0.293,0.173,,,,,,,,,,5.333333333,44.9183,18.6087,1.3187,0.613,545,0
0E,B289,4,15%,4C,1,Hg50,,0.5,0.32,0.18,,,,,,,,,,5.333333333,55.7096,21.6339,1.2361,0.669,551,0
1E,B290,3,15%,4°C,1,Hg50,0.451,0.6,0.419,0.181,0.149,0.0776,0.0577,0.0199,0.5224,0.3613,0.1611,0.344887348,0.445889842,6.67,80.2258,17.5763,0.6974,0.306,552,0.02235
4E,B289,1,15%,4°C,3,Hg50,0.414,0.596,0.355,0.241,0.182,0.0754,0.0574,0.018,0.5206,0.2976,0.223,0.31358885,0.749327957,3.00,57.2163,22.0377,1.226,0.675,553,0.060666667
2E,B284,2,15%,4°C,1,Hg50,0.338,0.568,0.353,0.215,0.23,0.067,0.047,0.02,0.501,0.306,0.195,0.425531915,0.637254902,4.33,34.7247,21.168,1.9404,1.027,556,0.053076923
3E,B284,3,15%,4°C,3,Hg50,0.484,0.675,0.465,0.21,0.191,0.0937,0.0696,0.0241,0.5813,0.3954,0.1859,0.346264368,0.470156803,5.67,66.8154,19.2097,0.9152,0.439,565,0.033705882
2E,B285,1,15%,4°C,1,Hg50,0.307,0.576,0.339,0.237,0.269,0.1882,0.0422,0.146,0.3878,0.2968,0.091,3.45971564,0.306603774,2.33,15.6619,19.4106,3.945,1.914,566,0.115285714
2E,B284,1,15%,4°C,1,Hg50,0.403,0.55,0.39,0.16,0.147,0.0694,0.0481,0.0213,0.4806,0.3419,0.1387,0.442827443,0.405674174,4.33,54.4657,19.9696,1.1671,0.583,572,0.033923077
1E,B290,3,0%,4°C,1,Hg50,0.322,0.61,0.413,0.197,0.288,0.0526,0.0392,0.0134,0.5574,0.3738,0.1836,0.341836735,0.49117175,8.67,71.3586,20.0988,0.8965,0.45,584,0.033230769
1E,Ant,3,15%,4°C,1,Hg50,0.455,0.44,0.308,0.132,-0.015,0.0613,0.0454,0.0159,0.3787,0.2626,0.1161,0.350220264,0.442117289,3.67,68.6345,14.8403,0.6883,0.255,586,-0.004090909
2E,Ant,4,15%,4°C,1,Hg50,0.391,0.522,0.337,0.185,0.131,0.068,0.0468,0.0212,0.454,0.2902,0.1638,0.452991453,0.564438318,5.33,38.3225,16.4997,1.3705,0.565,588,0.0245625
4E,B284,3,15%,4°C,3,Hg50,0.481,0.481,0.283,0.198,0,0.0596,0.0425,0.0171,0.4214,0.2405,0.1809,0.402352941,0.752182952,1.00,20.5914,20.9286,3.2352,1.693,595,0
2E,B284,1,0%,4°C,1,Hg50,0.282,0.602,0.418,0.184,0.32,0.0559,0.0388,0.0171,0.5461,0.3792,0.1669,0.440721649,0.440137131,6.33,46.2086,17.817,1.2273,0.547,596,0.050526316
4E,Bow,3,15%,4°C,3,Hg50,0.567,0.615,0.369,0.246,0.048,0.0729,0.052,0.0209,0.5421,0.317,0.2251,0.401923077,0.710094637,3.00,31.2902,23.0694,2.3468,1.353,599,0.016
4E,Ant,2,15%,4°C,3,Hg50,0.415,0.444,0.257,0.187,0.029,0.0723,0.0497,0.0226,0.3717,0.2073,0.1644,0.45472837,0.793053546,4.00,47.9025,17.5696,1.1675,0.513,603,0.00725
0E,B290,7,15%,4C,1,Hg50,,0.49,0.29,0.2,,,,,,,,,,6.333333333,64.5137,17.7859,0.8776,0.39,603,0
3E,B285,1,15%,4°C,3,Hg50,0.395,0.554,0.5,0.054,0.159,0.0666,0.0495,0.0171,0.4874,0.4505,0.0369,0.345454545,0.08190899,4.67,60.1179,16.915,0.8956,0.379,611,0.034071429
0E,B289,5,15%,4C,1,Hg50,,0.658,0.372,0.286,,,,,,,,,,7.333333333,74.416,26.5941,1.1375,0.756,614,0
4E,Bow,2,15%,4°C,3,Hg50,0.627,0.797,0.453,0.344,0.17,0.0999,0.0674,0.0325,0.6971,0.3856,0.3115,0.482195846,0.80783195,5.00,17.9734,29.3967,5.2062,3.826,616,0.034
0E,B285,6,15%,4C,1,Hg50,,0.591,0.35,0.241,,,,,,,,,,6.333333333,70.0365,19.7414,0.8972,0.443,616,0
0E,Ant,10,15%,4C,1,Hg50,,0.301,0.18,0.121,,,,,,,,,,4.333333333,60.2324,13.5984,0.7186,0.244,623,0
0E,B285,8,15%,4C,1,Hg50,,0.5,0.3,0.2,,,,,,,,,,6.333333333,55.0305,18.4033,1.0645,0.49,629,0
1E,Bow,2,15%,4°C,1,Hg50,0.504,0.558,0.387,0.171,0.054,0.0584,0.0449,0.0135,0.4996,0.3421,0.1575,0.300668151,0.460391698,7.67,95.0596,19.2518,0.6447,0.31,635,0.007043478
0E,Ant,2,15%,4C,1,Hg50,,0.335,0.202,0.133,,,,,,,,,,3.333333333,70.4458,14.1625,0.6399,0.227,642,0
2E,B284,2,0%,4°C,1,Hg50,0.292,0.605,0.394,0.211,0.313,0.0674,0.0482,0.0192,0.5376,0.3458,0.1918,0.398340249,0.55465587,5.33,48.7005,21.3656,1.3965,0.746,644,0.0586875
0E,B284,5,15%,4C,1,Hg50,,0.408,0.279,0.129,,,,,,,,,,5.333333333,66.5707,13.2955,0.6357,0.211,647,0
2E,B285,4,0%,4°C,1,Hg50,0.358,0.834,0.502,0.332,0.476,0.0773,0.055,0.0223,0.7567,0.447,0.3097,0.405454545,0.692841163,9.33,8.028,25.4794,10.1026,6.435,650,0.051
4E,B285,5,15%,4°C,3,Hg50,0.68,0.831,0.539,0.292,0.151,0.1111,0.0816,0.0295,0.7199,0.4574,0.2625,0.361519608,0.573895934,5.00,19.8146,28.214,4.5324,3.197,651,0.0302
0E,Ant,8,15%,4C,1,Hg50,,0.438,0.267,0.171,,,,,,,,,,4.333333333,67.6941,15.774,0.7417,0.292,656,0
4E,Bow,5,15%,4°C,3,Hg50,0.556,0.811,0.507,0.304,0.255,0.0952,0.0662,0.029,0.7158,0.4408,0.275,0.438066465,0.623865699,7.00,49.2915,28.8349,1.8621,1.342,660,0.036428571
0E,Bow,7,15%,4C,1,Hg50,,0.577,0.339,0.238,,,,,,,,,,5.333333333,49.9216,22.985,1.4656,0.842,663,0
3E,B285,3,15%,4°C,3,Hg50,0.36,0.507,0.315,0.192,0.147,0.0632,0.0472,0.016,0.4438,0.2678,0.176,0.338983051,0.657206871,5.67,47.1712,18.1804,1.2268,0.558,675,0.025941176
0E,B289,8,15%,4C,1,Hg50,,0.62,0.356,0.264,,,,,,,,,,6.333333333,42.7116,23.0049,1.7144,0.986,676,0
1E,Ant,2,0%,4°C,1,Hg50,0.31,0.633,0.36,0.273,0.323,0.0607,0.0456,0.0151,0.5723,0.3144,0.2579,0.331140351,0.820292621,7.67,48.1304,17.1611,1.1349,0.487,683,0.042130435
2E,Ant,5,0%,4°C,1,Hg50,0.293,0.584,0.37,0.214,0.291,0.0701,0.0484,0.0217,0.5139,0.3216,0.1923,0.448347107,0.597947761,7.33,33.4858,17.0686,1.6225,0.692,685,0.039681818
1E,B289,5,0%,4°C,1,Hg50,0.315,0.589,0.422,0.167,0.274,0.065,0.05,0.015,0.524,0.372,0.152,0.3,0.408602151,12.67,67.6918,19.9076,0.9361,0.466,687,0.021631579
2E,Bow,5,15%,4°C,1,Hg50,0.397,0.505,0.364,0.141,0.108,0.0668,0.0486,0.0182,0.4382,0.3154,0.1228,0.374485597,0.389346861,3.33,46.8953,20.1109,1.3651,0.686,687,0.0324
0E,B290,4,15%,4C,1,Hg50,,0.505,0.28,0.225,,,,,,,,,,6.333333333,68.9607,20.7262,0.9567,0.496,692,0
3E,B284,2,15%,4°C,3,Hg50,0.67,0.891,0.61,0.281,0.221,0.1217,0.0891,0.0326,0.7693,0.5209,0.2484,0.365881033,0.476866961,8.67,73.2608,22.7302,0.9876,0.561,695,0.0255
3E,B289,5,15%,4°C,3,Hg50,0.324,0.384,0.233,0.151,0.06,0.0538,0.0394,0.0144,0.3302,0.1936,0.1366,0.365482234,0.705578512,5.67,58.6707,15.0532,0.8167,0.307,696,0.010588235
2E,Ant,5,15%,4°C,1,Hg50,0.274,0.438,0.247,0.191,0.164,0.0546,0.0401,0.0145,0.3834,0.2069,0.1765,0.36159601,0.853069116,3.33,43.8525,15.1199,1.0975,0.415,713,0.0492
4E,B285,3,15%,4°C,3,Hg50,0.55,0.498,0.309,0.189,-0.052,0.0673,0.0498,0.0175,0.4307,0.2592,0.1715,0.351405622,0.661651235,1.00,36.4663,24.2112,2.1134,1.279,728,-0.052
0E,B289,7,0%,4C,1,Hg50,,0.619,0.384,0.235,,,,,,,,,,10.5,84.9135,21.4625,0.8045,0.432,728,0
0E,B290,1,15%,4C,1,Hg50,,0.536,0.329,0.207,,,,,,,,,,5.333333333,72.8342,21.769,0.9514,0.518,735,0
4E,B284,5,15%,4°C,3,Hg50,0.45,0.289,0.151,0.138,-0.161,0.0469,0.0343,0.0126,0.2421,0.1167,0.1254,0.367346939,1.074550129,0.00,45.197,17.6686,1.2443,0.55,744,#DIV/0!
2E,Bow,3,0%,4°C,1,Hg50,0.471,1.03,0.638,0.392,0.559,0.1008,0.0753,0.0255,0.9292,0.5627,0.3665,0.338645418,0.651323974,10.33,126.5338,31.2499,0.7861,0.614,745,0.054096774
0E,B290,6,0%,4C,1,Hg50,,0.769,0.504,0.265,,,,,,,,,,11.5,73.7718,22.5928,0.9748,0.551,747,0
4E,Ant,1,0%,4°C,3,Hg50,0.386,0.787,0.45,0.337,0.401,0.1,0.0624,0.0376,0.687,0.3876,0.2994,0.602564103,0.77244582,11.67,21.2219,24.1874,3.6279,2.194,751,0.034371429
3E,B285,4,15%,4°C,3,Hg50,0.464,0.458,0.289,0.169,-0.006,0.0634,0.0477,0.0157,0.3946,0.2413,0.1533,0.329140461,0.635308744,1.67,87.1599,16.8009,0.6136,0.258,757,-0.0036
4E,B285,3,0%,4°C,3,Hg50,0.27,0.473,0.343,0.13,0.203,0.0613,0.0495,0.0118,0.4117,0.2935,0.1182,0.238383838,0.402725724,7.67,48.2374,15.2275,1.0048,0.383,758,0.026478261
1E,B284,5,15%,4°C,1,Hg50,0.619,0.777,0.555,0.222,0.158,0.1046,0.0784,0.0262,0.6724,0.4766,0.1958,0.334183673,0.410826689,5.67,84.4047,27.0719,1.0209,0.691,776,0.027882353
1E,Ant,5,0%,4°C,1,Hg50,0.306,0.496,0.335,0.161,0.19,0.0634,0.0506,0.0128,0.4326,0.2844,0.1482,0.252964427,0.521097046,6.67,84.682,15.9031,0.5978,0.238,778,0.0285
4E,B289,2,15%,4°C,3,Hg50,0.706,0.895,0.557,0.338,0.189,0.1182,0.0882,0.03,0.7768,0.4688,0.308,0.340136054,0.656996587,7.00,25.9891,32.0604,3.9267,3.147,782,0.027
1E,B285,1,0%,4°C,1,Hg50,0.252,0.494,0.313,0.181,0.242,0.0438,0.0334,0.0104,0.4502,0.2796,0.1706,0.311377246,0.610157368,6.67,121.1778,18.7548,0.4927,0.231,785,0.0363
2E,B285,2,0%,4°C,1,Hg50,0.381,0.653,0.426,0.227,0.272,0.0707,0.0495,0.0212,0.5823,0.3765,0.2058,0.428282828,0.546613546,7.33,21.8708,21.0372,3.0618,1.61,785,0.037090909
1E,B284,3,15%,4°C,1,Hg50,0.578,0.725,0.525,0.2,0.147,0.101,0.0732,0.0278,0.624,0.4518,0.1722,0.379781421,0.381142098,6.67,75.9389,14.9181,0.6253,0.233,786,0.02205
0E,B290,8,15%,4C,1,Hg50,,0.47,0.297,0.173,,,,,,,,,,6.333333333,76.8453,19.8241,0.8212,0.407,792,0
3E,B284,2,0%,4°C,3,Hg50,0.362,0.845,0.543,0.302,0.483,0.0858,0.0643,0.0215,0.7592,0.4787,0.2805,0.33437014,0.58596198,15.67,50.9039,19.968,1.2486,0.623,805,0.030829787
0E,B285,3,15%,4C,1,Hg50,,0.582,0.381,0.201,,,,,,,,,,6.333333333,94.2569,21.8678,0.7385,0.404,806,0
0E,B290,10,15%,4C,1,Hg50,,0.473,0.253,0.22,,,,,,,,,,4.333333333,91.9913,25.6773,0.8885,0.57,810,0
4E,B285,1,0%,4°C,3,Hg50,0.48,0.911,0.589,0.322,0.431,0.1012,0.0787,0.0225,0.8098,0.5103,0.2995,0.285895807,0.586909661,11.67,35.6417,26.2566,2.3449,1.539,813,0.036942857
4E,Ant,5,0%,4°C,3,Hg50,0.738,1.254,0.776,0.478,0.516,0.1624,0.1121,0.0503,1.0916,0.6639,0.4277,0.448706512,0.644223528,19.67,16.1424,33.0809,6.5232,5.395,815,0.026237288
1E,B284,3,0%,4°C,1,Hg50,0.417,0.881,0.566,0.315,0.464,0.0922,0.0669,0.0253,0.7888,0.4991,0.2897,0.378176383,0.580444801,12.67,177.1735,32.4098,0.5823,0.472,820,0.036631579
0E,B284,1,15%,4C,1,Hg50,,0.38,0.26,0.12,,,,,,,,,,2.333333333,75.8483,13.6962,0.5748,0.197,828,0
0E,Ant,5,0%,4C,1,Hg50,,0.387,0.236,0.151,,,,,,,,,,6.5,73.8073,16.1298,0.6956,0.281,830,0
2E,Bow,4,15%,4°C,1,Hg50,0.496,0.643,0.45,0.193,0.147,0.0766,0.0572,0.0194,0.5664,0.3928,0.1736,0.339160839,0.441955193,6.33,88.32,19.5282,0.7038,0.344,831,0.023210526
0E,B284,7,15%,4C,1,Hg50,,0.39,0.235,0.155,,,,,,,,,,5.333333333,66.5607,20.1622,0.9642,0.486,831,0
1E,B284,4,0%,4°C,1,Hg50,0.224,0.42,0.323,0.097,0.196,0.0457,0.0346,0.0111,0.3743,0.2884,0.0859,0.320809249,0.297850208,6.67,115.106,31.6945,0.8765,0.694,833,0.0294
4E,B284,2,15%,4°C,3,Hg50,0.688,0.45,0.222,0.228,-0.238,0.0721,0.0531,0.019,0.3779,0.1689,0.209,0.357815443,1.237418591,0.00,35.8685,24.7066,2.1925,1.354,839,#DIV/0!
3E,B284,1,15%,4°C,3,Hg50,0.713,0.98,0.617,0.363,0.267,0.1228,0.0851,0.0377,0.8572,0.5319,0.3253,0.443008226,0.611581124,8.67,88.8363,27.3734,0.9808,0.671,844,0.030807692
0E,B290,2,0%,4C,1,Hg50,,0.654,0.402,0.252,,,,,,,,,,10.5,88.2308,25.473,0.919,0.585,852,0
2E,B290,2,15%,4°C,1,Hg50,0.291,0.368,0.245,0.123,0.077,0.0395,0.0275,0.012,0.3285,0.2175,0.111,0.436363636,0.510344828,3.33,66.8908,15.9606,0.7595,0.303,856,0.0231
0E,B285,1,15%,4C,1,Hg50,,0.46,0.32,0.14,,,,,,,,,,5.333333333,94.8288,17.6963,0.594,0.263,865,0
4E,B289,4,15%,4°C,3,Hg50,0.711,0.8,0.5,0.3,0.089,0.1122,0.08,0.0322,0.6878,0.42,0.2678,0.4025,0.637619048,6.00,13.4311,29.7948,7.0612,5.26,866,0.014833333
0E,Bow,1,15%,4C,1,Hg50,,0.484,0.3,0.184,,,,,,,,,,6.333333333,78.7964,23.1663,0.9358,0.542,870,0
3E,B285,2,15%,4°C,3,Hg50,0.367,0.37,0.34,0.03,0.003,0.0643,0.0497,0.0146,0.3057,0.2903,0.0154,0.293762575,0.05304857,5.67,63.8971,17.849,0.8892,0.397,879,0.000529412
0E,Bow,8,0%,4C,1,Hg50,,0.6,0.362,0.238,,,,,,,,,,13.5,62.0045,22.5928,1.1598,0.655,879,0
1E,Ant,3,0%,4°C,1,Hg50,0.338,0.638,0.426,0.212,0.3,0.0701,0.0531,0.017,0.5679,0.3729,0.195,0.320150659,0.522928399,7.67,102.1879,20.5172,0.6391,0.328,881,0.039130435
1E,Ant,1,0%,4°C,1,Hg50,0.283,0.537,0.39,0.147,0.254,0.11326,0.0419,0.07136,0.42374,0.3481,0.07564,1.703102625,0.217293881,5.67,68.8544,17.065,0.7889,0.337,889,0.044823529
1E,Bow,4,15%,4°C,1,Hg50,0.394,0.44,0.34,0.1,0.046,0.0625,0.0495,0.013,0.3775,0.2905,0.087,0.262626263,0.299483649,6.67,101.1769,17.0654,0.5369,0.229,893,0.0069
1E,Ant,1,15%,4°C,1,Hg50,0.387,0.438,0.305,0.133,0.051,0.0569,0.0406,0.0163,0.3811,0.2644,0.1167,0.401477833,0.441376702,4.67,82.6492,17.5114,0.6744,0.295,911,0.010928571
0E,Bow,3,0%,4C,1,Hg50,,0.736,0.446,0.29,,,,,,,,,,8.5,81.3907,24.988,0.9773,0.61,911,0
3E,B289,4,15%,4°C,3,Hg50,0.481,0.635,0.403,0.232,0.154,0.0831,0.0647,0.0184,0.5519,0.3383,0.2136,0.28438949,0.631392255,6.67,90.003,22.1454,0.7832,0.434,912,0.0231
3E,Bow,2,15%,4°C,3,Hg50,0.799,1.118,0.7,0.418,0.319,0.1269,0.0902,0.0367,0.9911,0.6098,0.3813,0.406873614,0.625286979,10.67,53.7846,31.9588,1.8914,1.511,923,0.02990625
0E,Ant,9,0%,4C,1,Hg50,,0.445,0.271,0.174,,,,,,,,,,9.5,81.3626,17.5945,0.6883,0.303,930,0
1E,B289,1,0%,4°C,1,Hg50,0.41,0.76,0.494,0.266,0.35,0.0687,0.0538,0.0149,0.6913,0.4402,0.2511,0.276951673,0.570422535,10.67,57.3251,26.773,1.4866,0.995,934,0.0328125
2E,Ant,3,0%,4°C,1,Hg50,0.292,0.543,0.343,0.2,0.251,0.0638,0.0456,0.0182,0.4792,0.2974,0.1818,0.399122807,0.611297915,7.33,48.7269,19.6599,1.2843,0.631,937,0.034227273
3E,B285,5,15%,4°C,3,Hg50,0.514,0.75,0.436,0.314,0.236,0.1004,0.0713,0.0291,0.6496,0.3647,0.2849,0.408134642,0.781190019,7.67,99.1662,24.7146,0.7933,0.49,941,0.030782609
0E,B284,7,0%,4C,1,Hg50,,0.632,0.385,0.247,,,,,,,,,,10.5,64.9022,23.4885,1.152,0.676,947,0
0E,B285,8,0%,4C,1,Hg50,,0.639,0.39,0.249,,,,,,,,,,10.5,164.9766,24.8176,0.4788,0.297,956,0
0E,B289,4,0%,4C,1,Hg50,,0.565,0.342,0.223,,,,,,,,,,10.5,80.5038,20.8657,0.825,0.43,959,0
3E,B289,3,15%,4°C,3,Hg50,0.876,1.07,0.667,0.403,0.194,0.1363,0.0999,0.0364,0.9337,0.5671,0.3666,0.364364364,0.646446835,8.67,55.8129,34.2037,1.9507,1.668,966,0.022384615
2E,Bow,5,0%,4°C,1,Hg50,0.296,0.677,0.418,0.259,0.381,0.0627,0.042,0.0207,0.6143,0.376,0.2383,0.492857143,0.633776596,11.33,57.3308,25.5002,1.4158,0.903,968,0.033617647
1E,B289,2,15%,4°C,1,Hg50,0.536,0.673,0.421,0.252,0.137,0.0743,0.056,0.0183,0.5987,0.365,0.2337,0.326785714,0.640273973,5.67,71.1276,25.4967,1.141,0.727,978,0.024176471
4E,Ant,3,15%,4°C,3,Hg50,0.578,0.712,0.43,0.282,0.134,0.1103,0.0756,0.0347,0.6017,0.3544,0.2473,0.458994709,0.697799097,6.00,55.5379,26.548,1.5216,1.01,980,0.022333333
4E,Ant,3,0%,4°C,3,Hg50,0.446,0.853,0.524,0.329,0.407,0.1083,0.0742,0.0341,0.7447,0.4498,0.2949,0.459568733,0.655624722,12.67,54.2354,30.019,1.7618,1.322,981,0.032131579
0E,B289,1,15%,4C,1,Hg50,,0.534,0.321,0.213,,,,,,,,,,5.333333333,86.4582,22.7986,0.8394,0.478,983,0
0E,Bow,3,15%,4C,1,Hg50,,0.502,0.325,0.177,,,,,,,,,,5.333333333,81.9191,21.457,0.8337,0.447,984,0
2E,B290,5,15%,4°C,1,Hg50,0.469,0.6,0.416,0.184,0.131,0.0838,0.0586,0.0252,0.5162,0.3574,0.1588,0.43003413,0.44432009,5.33,118.7186,23.1552,0.6208,0.359,987,0.0245625
0E,Ant,10,0%,4C,1,Hg50,,0.654,0.364,0.29,,,,,,,,,,8.5,50.1349,29,1.8412,1.335,987,0
4E,B290,2,15%,4°C,3,Hg50,0.532,0.362,0.175,0.187,-0.17,0.1628,0.0408,0.122,0.1992,0.1342,0.065,2.990196078,0.484351714,1.00,85.003,22.0861,0.8271,0.457,1000,-0.17
1E,B285,4,0%,4°C,1,Hg50,0.315,0.65,0.448,0.202,0.335,0.0661,0.0511,0.015,0.5839,0.3969,0.187,0.293542074,0.471151424,8.67,141.5672,25.4542,0.5723,0.364,1009,0.038653846
4E,Bow,4,15%,4°C,3,Hg50,0.617,0.707,0.442,0.265,0.09,0.0938,0.0717,0.0221,0.6132,0.3703,0.2429,0.308228731,0.655954631,6.00,58.0854,31.6024,1.7318,1.368,1027,0.015
4E,B284,3,0%,4°C,3,Hg50,0.843,1.354,0.913,0.441,0.511,0.1576,0.1229,0.0347,1.1964,0.7901,0.4063,0.282343369,0.514238704,23.67,40.0229,32.9116,2.6175,2.154,1047,0.021591549
2E,B285,3,0%,4°C,1,Hg50,0.357,0.823,0.517,0.306,0.466,0.0833,0.0599,0.0234,0.7397,0.4571,0.2826,0.390651085,0.618245461,9.33,37.769,27.4015,2.3094,1.582,1053,0.049928571
0E,Ant,4,0%,4C,1,Hg50,,0.582,0.371,0.211,,,,,,,,,,6.5,81.563,22.8084,0.8901,0.508,1056,0
1E,B285,1,15%,4°C,1,Hg50,0.438,0.541,0.405,0.136,0.103,0.0657,0.0519,0.0138,0.4753,0.3531,0.1222,0.265895954,0.346077598,5.67,86.7156,19.1374,0.7025,0.336,1060,0.018176471
4E,Ant,2,0%,4°C,3,Hg50,0.522,0.924,0.551,0.373,0.402,0.1164,0.0774,0.039,0.8076,0.4736,0.334,0.503875969,0.705236486,12.67,79.0564,32.6727,1.3155,1.075,1068,0.031736842
1E,Ant,4,0%,4°C,1,Hg50,0.309,0.615,0.418,0.197,0.306,0.0702,0.0539,0.0163,0.5448,0.3641,0.1807,0.302411874,0.496292227,6.67,83.8248,21.2115,0.8055,0.427,1071,0.0459
2E,Ant,2,0%,4°C,1,Hg50,0.4,0.68,0.466,0.214,0.28,0.0842,0.0629,0.0213,0.5958,0.4031,0.1927,0.33863275,0.47804515,7.33,71.3939,21.6757,0.9664,0.524,1074,0.038181818
0E,B284,8,15%,4C,1,Hg50,,0.569,0.348,0.221,,,,,,,,,,5.333333333,100.2403,24.0885,0.7649,0.461,1084,0
0E,B285,2,0%,4C,1,Hg50,,0.908,0.538,0.37,,,,,,,,,,12.5,62.2164,33.6779,1.723,1.451,1085,0
0E,B289,5,0%,4C,1,Hg50,,0.578,0.337,0.241,,,,,,,,,,9.5,77.6693,22.8746,0.9375,0.536,1091,0
2E,Ant,2,15%,4°C,1,Hg50,0.339,0.474,0.288,0.186,0.135,0.0637,0.0452,0.0185,0.4103,0.2428,0.1675,0.409292035,0.689868204,4.33,61.4396,19.5738,1.0141,0.496,1092,0.031153846
2E,B290,4,15%,4°C,1,Hg50,0.382,0.479,0.315,0.164,0.097,0.0563,0.0403,0.016,0.4227,0.2747,0.148,0.397022333,0.538769567,4.33,79.7822,22.4543,0.8959,0.503,1094,0.022384615
1E,Bow,3,15%,4°C,1,Hg50,0.453,0.512,0.373,0.139,0.059,0.0704,0.056,0.0144,0.4416,0.317,0.1246,0.257142857,0.393059937,6.67,89.2867,22.0244,0.7852,0.432,1095,0.00885
1E,B289,3,0%,4°C,1,Hg50,0.32,0.617,0.415,0.202,0.297,0.0606,0.0449,0.0157,0.5564,0.3701,0.1863,0.349665924,0.503377466,7.67,135.0076,27.7139,0.6534,0.453,1102,0.03873913
2E,Bow,4,0%,4°C,1,Hg50,0.519,0.988,0.626,0.362,0.469,0.0984,0.0691,0.0293,0.8896,0.5569,0.3327,0.424023155,0.597414257,12.33,98.3797,34.0293,1.101,0.937,1102,0.038027027
3E,Ant,1,0%,4°C,3,Hg50,0.4,0.76,0.47,0.29,0.36,0.0845,0.0627,0.0218,0.6755,0.4073,0.2682,0.3476874,0.658482691,14.67,95.6067,24.2418,0.8071,0.489,1106,0.024545455
3E,Bow,1,15%,4°C,3,Hg50,0.797,0.985,0.562,0.423,0.188,0.1058,0.075,0.0308,0.8792,0.487,0.3922,0.410666667,0.805338809,6.67,59.9763,31.3646,1.6646,1.305,1117,0.0282
4E,B289,3,15%,4°C,3,Hg50,0.766,0.898,0.555,0.343,0.132,0.1132,0.0832,0.03,0.7848,0.4718,0.313,0.360576923,0.663416702,7.00,74.1255,32.4299,1.3926,1.129,1135,0.018857143
4E,Ant,4,0%,4°C,3,Hg50,0.54,0.934,0.59,0.344,0.394,0.1113,0.0778,0.0335,0.8227,0.5122,0.3105,0.43059126,0.606208512,12.67,45.0854,36.4718,2.575,2.348,1136,0.031105263
4E,Bow,5,0%,4°C,3,Hg50,0.62,1.233,0.782,0.451,0.613,0.142,0.1,0.042,1.091,0.682,0.409,0.42,0.599706745,17.67,58.5356,36.5247,1.9862,1.814,1142,0.034698113
0E,B290,9,15%,4C,1,Hg50,,0.581,0.327,0.254,,,,,,,,,,7.333333333,113.6357,28.9033,0.8096,0.585,1145,0
3E,B289,3,0%,4°C,3,Hg50,0.558,1.125,0.75,0.375,0.567,0.104,0.0803,0.0237,1.021,0.6697,0.3513,0.295143213,0.524563237,17.67,114.6229,34.2008,0.9498,0.812,1146,0.03209434
0E,B285,4,0%,4C,1,Hg50,,0.437,0.3,0.137,,,,,,,,,,11.5,105.0211,19.8643,0.6021,0.299,1150,0
0E,Ant,3,15%,4C,1,Hg50,,0.456,0.269,0.187,,,,,,,,,,3.333333333,107.9985,20.2563,0.597,0.302,1152,0
0E,B284,1,0%,4C,1,Hg50,,0.735,0.451,0.284,,,,,,,,,,8.5,117.5757,26.8114,0.7259,0.487,1155,0
0E,Bow,8,15%,4C,1,Hg50,,0.39,0.242,0.148,,,,,,,,,,5.333333333,99.2421,19.7458,0.6333,0.313,1156,0
0E,B284,3,0%,4C,1,Hg50,,0.648,0.428,0.22,,,,,,,,,,10.5,93.8663,23.904,0.8106,0.484,1157,0
1E,B289,4,15%,4°C,1,Hg50,0.432,0.511,0.35,0.161,0.079,0.1554,0.1394,0.016,0.3556,0.2106,0.145,0.114777618,0.688509022,4.67,95.182,24.3336,0.8138,0.495,1160,0.016928571
1E,B289,1,15%,4°C,1,Hg50,0.526,0.615,0.405,0.21,0.089,0.1006,0.0808,0.0198,0.5144,0.3242,0.1902,0.245049505,0.586674892,6.67,124.5322,24.2277,0.6193,0.375,1174,0.01335
0E,B285,6,0%,4C,1,Hg50,,0.68,0.442,0.238,,,,,,,,,,10.5,99.4136,25.9268,0.8301,0.538,1174,0
2E,B285,5,0%,4°C,1,Hg50,0.416,0.941,0.64,0.301,0.525,0.0916,0.0676,0.024,0.8494,0.5724,0.277,0.355029586,0.483927324,11.33,55.1547,30.4117,1.7551,1.334,1182,0.046323529
4E,B289,1,0%,4°C,3,Hg50,0.602,1.247,0.743,0.504,0.645,0.1339,0.0912,0.0427,1.1131,0.6518,0.4613,0.468201754,0.707732433,19.67,59.2182,42.2297,2.2699,2.396,1191,0.03279661
4E,B289,5,15%,4°C,3,Hg50,0.546,0.703,0.466,0.237,0.157,0.0955,0.0733,0.0222,0.6075,0.3927,0.2148,0.302864939,0.546982429,5.00,71.046,28.303,1.2681,0.897,1198,0.0314
1E,B284,1,0%,4°C,1,Hg50,0.417,0.896,0.596,0.3,0.479,0.0842,0.0607,0.0235,0.8118,0.5353,0.2765,0.387149918,0.516532785,10.67,124.601,25.812,0.6594,0.426,1199,0.04490625
1E,B289,2,0%,4°C,1,Hg50,0.482,0.8,0.526,0.274,0.318,0.078,0.0576,0.0204,0.722,0.4684,0.2536,0.354166667,0.541417592,10.67,103.9823,28.9069,0.8849,0.639,1200,0.0298125
0E,B284,4,0%,4C,1,Hg50,,0.959,0.573,0.386,,,,,,,,,,12.5,103.7561,30.9207,0.9486,0.733,1200,0
2E,B284,3,0%,4°C,1,Hg50,0.215,0.511,0.36,0.151,0.296,0.0512,0.0387,0.0125,0.4598,0.3213,0.1385,0.322997416,0.431061313,4.33,90.8385,16.6568,0.5837,0.243,1204,0.068307692
0E,B290,3,0%,4C,1,Hg50,,0.85,0.524,0.326,,,,,,,,,,11.5,116.8113,35.7629,0.9745,0.871,1226,0
2E,B290,3,0%,4°C,1,Hg50,0.398,0.84,0.53,0.31,0.442,0.0707,0.0525,0.0182,0.7693,0.4775,0.2918,0.346666667,0.611099476,11.33,110.628,29.2794,0.8425,0.617,1233,0.039
2E,B285,2,15%,4°C,1,Hg50,0.412,0.753,0.481,0.272,0.341,0.0791,0.0583,0.0208,0.6739,0.4227,0.2512,0.3567753,0.594274899,4.33,116.3954,27.7426,0.7587,0.526,1236,0.078692308
0E,B290,9,0%,4C,1,Hg50,,0.928,0.574,0.354,,,,,,,,,,15.5,124.4956,36.5887,0.9355,0.856,1236,0
4E,B284,2,0%,4°C,3,Hg50,0.42,0.86,0.566,0.294,0.44,0.0889,0.0679,0.021,0.7711,0.4981,0.273,0.309278351,0.548082714,13.67,89.1172,33.028,1.1797,0.974,1239,0.032195122
2E,Ant,4,0%,4°C,1,Hg50,0.432,0.874,0.54,0.334,0.442,0.0936,0.0648,0.0288,0.7804,0.4752,0.3052,0.444444444,0.642255892,11.33,110.162,32.2272,0.9312,0.75,1242,0.039
0E,B290,5,0%,4C,1,Hg50,,0.912,0.561,0.351,,,,,,,,,,14.5,126.9718,34.472,0.8642,0.745,1243,0
4E,Bow,2,0%,4°C,3,Hg50,0.734,1.492,0.85,0.642,0.758,0.1437,0.0986,0.0451,1.3483,0.7514,0.5969,0.457403651,0.794383817,22.67,24.2761,44.0661,5.778,6.365,1262,0.033441176
1E,B285,2,0%,4°C,1,Hg50,0.431,0.851,0.553,0.298,0.42,0.0798,0.0628,0.017,0.7712,0.4902,0.281,0.270700637,0.573235414,10.67,76.59,26.7227,1.1106,0.742,1286,0.039375
4E,B284,5,0%,4°C,3,Hg50,0.58,1.219,0.829,0.39,0.639,0.1256,0.0953,0.0303,1.0934,0.7337,0.3597,0.317943337,0.490254873,18.67,91.8184,35.4264,1.2281,1.088,1292,0.034232143
4E,B285,4,15%,4°C,3,Hg50,0.594,0.66,0.426,0.234,0.066,0.0847,0.0669,0.0178,0.5753,0.3591,0.2162,0.266068759,0.602060707,3.00,72.929,28.325,1.2363,0.875,1296,0.022
0E,B284,8,0%,4C,1,Hg50,,0.618,0.34,0.278,,,,,,,,,,10.5,123.7698,28.1991,0.7252,0.511,1308,0
4E,Bow,1,15%,4°C,3,Hg50,0.556,0.804,0.473,0.331,0.248,0.0989,0.0642,0.0347,0.7051,0.4088,0.2963,0.540498442,0.724804305,5.00,79.9331,34.4232,1.3708,1.18,1312,0.0496
0E,B285,1,0%,4C,1,Hg50,,0.742,0.472,0.27,,,,,,,,,,10.5,111.6544,32.0875,0.9148,0.734,1317,0
0E,Ant,1,0%,4C,1,Hg50,,0.491,0.306,0.185,,,,,,,,,,7.5,116.755,24.1687,0.6589,0.398,1324,0
2E,B290,3,15%,4°C,1,Hg50,0.498,0.725,0.46,0.265,0.227,0.0795,0.057,0.0225,0.6455,0.403,0.2425,0.394736842,0.601736973,6.33,91.4437,33.0812,1.1515,0.952,1325,0.035842105
1E,B284,1,15%,4°C,1,Hg50,0.48,0.586,0.461,0.125,0.106,0.0775,0.0589,0.0186,0.5085,0.4021,0.1064,0.315789474,0.264610793,4.67,119.3473,30.147,0.804,0.606,1326,0.022714286
4E,B290,4,15%,4°C,3,Hg50,0.654,0.824,0.536,0.288,0.17,0.1132,0.0842,0.029,0.7108,0.4518,0.259,0.344418052,0.573262506,9.00,70.8531,34.8141,1.564,1.361,1329,0.018888889
0E,Ant,8,0%,4C,1,Hg50,,0.56,0.344,0.216,,,,,,,,,,10.5,100.5163,25.2554,0.7998,0.505,1332,0
2E,Bow,2,15%,4°C,1,Hg50,0.461,0.552,0.364,0.188,0.091,0.0642,0.0515,0.0127,0.4878,0.3125,0.1753,0.246601942,0.56096,5.33,69.424,25.7415,1.1803,0.76,1336,0.0170625
1E,Bow,4,0%,4°C,1,Hg50,0.465,1.068,0.667,0.401,0.603,0.0882,0.0662,0.022,0.9798,0.6008,0.379,0.332326284,0.630825566,12.67,190.547,36.3226,0.6068,0.551,1340,0.047605263
3E,B285,3,0%,4°C,3,Hg50,0.478,1.101,0.646,0.455,0.623,0.1036,0.078,0.0256,0.9974,0.568,0.4294,0.328205128,0.755985915,18.67,120.5513,33.3262,0.88,0.733,1354,0.033375
2E,Bow,1,0%,4°C,1,Hg50,0.501,0.894,0.595,0.299,0.393,0.0909,0.0658,0.0251,0.8031,0.5292,0.2739,0.381458967,0.517573696,10.33,117.1967,27.3531,0.7429,0.508,1366,0.038032258
3E,B290,1,0%,4°C,3,Hg50,0.726,1.527,0.94,0.587,0.801,0.1301,0.0953,0.0348,1.3969,0.8447,0.5522,0.365162644,0.653723215,24.67,214.9352,46.7771,0.6927,0.81,1366,0.032472973
3E,B289,1,15%,4°C,3,Hg50,0.822,1.076,0.675,0.401,0.254,0.1117,0.0872,0.0245,0.9643,0.5878,0.3765,0.280963303,0.640523988,10.67,127.5606,37.4737,0.9351,0.876,1370,0.0238125
3E,B284,1,0%,4°C,3,Hg50,0.627,1.251,0.77,0.481,0.624,0.121,0.0887,0.0323,1.13,0.6813,0.4487,0.364148816,0.658593865,20.67,151.7608,42.1439,0.8839,0.931,1377,0.030193548
0E,Bow,10,0%,4C,1,Hg50,,0.677,0.393,0.284,,,,,,,,,,9.5,72.4156,31.0042,1.3628,1.056,1380,0
0E,B290,1,0%,4C,1,Hg50,,0.983,0.572,0.411,,,,,,,,,,12.5,112.1697,40.1515,1.1394,1.144,1399,0
0E,Bow,6,0%,4C,1,Hg50,,0.757,0.472,0.285,,,,,,,,,,8.5,63.2474,29.8774,1.5037,1.123,1403,0
4E,B285,5,0%,4°C,3,Hg50,0.5,1.08,0.682,0.398,0.58,0.1127,0.0897,0.023,0.9673,0.5923,0.375,0.256410256,0.633125106,16.67,84.2801,36.1106,1.3638,1.231,1412,0.0348
4E,B290,4,0%,4°C,3,Hg50,0.601,1.227,0.745,0.482,0.626,0.1246,0.0865,0.0381,1.1024,0.6585,0.4439,0.440462428,0.674107821,18.67,126.5251,48.3106,1.2154,1.468,1424,0.033535714
0E,Bow,9,0%,4C,1,Hg50,,0.996,0.583,0.413,,,,,,,,,,10.5,56.0353,40.7688,2.3159,2.36,1436,0
4E,B290,3,0%,4°C,3,Hg50,0.711,1.225,0.911,0.314,0.514,0.1497,0.1134,0.0363,1.0753,0.7976,0.2777,0.32010582,0.348169509,20.67,94.4634,42.2205,1.4227,1.502,1449,0.024870968
0E,B290,10,0%,4C,1,Hg50,,0.918,0.518,0.4,,,,,,,,,,13.5,93.3592,40.8202,1.3918,1.42,1449,0
0E,B285,5,0%,4C,1,Hg50,,0.858,0.542,0.316,,,,,,,,,,14.5,105.5204,36.3019,1.0951,0.994,1466,0
3E,B285,4,0%,4°C,3,Hg50,0.463,1.05,0.61,0.44,0.587,0.095,0.07,0.025,0.955,0.54,0.415,0.357142857,0.768518519,17.67,120.2812,39.8277,1.054,1.049,1470,0.033226415
0E,Ant,7,0%,4C,1,Hg50,,0.578,0.33,0.248,,,,,,,,,,7.5,105.776,29.6543,0.8924,0.662,1498,0
4E,B284,1,15%,4°C,3,Hg50,0.837,0.658,0.335,0.323,-0.179,0.0881,0.067,0.0211,0.5699,0.268,0.3019,0.314925373,1.126492537,3.00,99.5889,33.187,1.0607,0.88,1501,-0.059666667
1E,B290,4,15%,4°C,1,Hg50,0.504,0.606,0.401,0.205,0.102,0.0715,0.0542,0.0173,0.5345,0.3468,0.1877,0.319188192,0.541234141,7.67,140.8395,25.7478,0.5819,0.375,1526,0.013304348
0E,B284,9,0%,4C,1,Hg50,,0.699,0.45,0.249,,,,,,,,,,10.5,109.8667,24.1308,0.6991,0.422,1527,0
4E,B289,3,0%,4°C,3,Hg50,0.509,1.07,0.662,0.408,0.561,0.2965,0.0815,0.215,0.7735,0.5805,0.193,2.63803681,0.332472007,15.67,81.4924,34.6865,1.3549,1.175,1530,0.035808511
0E,Bow,4,0%,4C,1,Hg50,,0.956,0.543,0.413,,,,,,,,,,10.5,89.8456,35.3607,1.2528,1.107,1540,0
0E,Bow,2,15%,4C,1,Hg50,,0.537,0.345,0.192,,,,,,,,,,5.333333333,115.7171,29.3613,0.8077,0.593,1545,0
4E,B285,2,0%,4°C,3,Hg50,0.662,1.201,0.773,0.428,0.539,0.1288,0.0988,0.03,1.0722,0.6742,0.398,0.303643725,0.590329279,18.67,66.511,39.3117,1.8814,1.849,1562,0.028875
0E,B290,7,0%,4C,1,Hg50,,1.222,0.715,0.507,,,,,,,,,,16.5,157.9141,44.9462,0.906,1.018,1563,0
0E,B285,3,0%,4C,1,Hg50,,0.844,0.517,0.327,,,,,,,,,,11.5,121.2691,34.7964,0.9133,0.795,1569,0
1E,Ant,2,15%,4°C,1,Hg50,0.562,0.654,0.415,0.239,0.092,0.0865,0.0611,0.0254,0.5675,0.3539,0.2136,0.415711948,0.603560328,6.67,123.1821,28.5627,0.7381,0.527,1572,0.0138
0E,B289,2,0%,4C,1,Hg50,,0.743,0.44,0.303,,,,,,,,,,9.5,91.7136,35.231,1.2228,1.077,1584,0
4E,B284,4,15%,4°C,3,Hg50,0.87,0.91,0.522,0.388,0.04,0.119,0.0853,0.0337,0.791,0.4367,0.3543,0.395076202,0.811312114,7.00,119.1016,38.1007,1.0183,0.97,1588,0.005714286
0E,B284,2,15%,4C,1,Hg50,,0.579,0.382,0.197,,,,,,,,,,4.333333333,161.9227,29.4121,0.5782,0.425,1600,0
3E,B285,1,0%,4°C,3,Hg50,0.596,1.243,0.767,0.476,0.647,0.1156,0.0835,0.0321,1.1274,0.6835,0.4439,0.384431138,0.649451353,19.67,135.2768,37.2676,0.8769,0.817,1601,0.032898305
1E,B290,2,15%,4°C,1,Hg50,0.562,0.651,0.415,0.236,0.089,0.0657,0.0511,0.0146,0.5853,0.3639,0.2214,0.285714286,0.608408904,6.67,144.6562,28.258,0.6218,0.439,1614,0.01335
2E,B290,2,0%,4°C,1,Hg50,0.421,0.824,0.55,0.274,0.403,0.0767,0.0574,0.0193,0.7473,0.4926,0.2547,0.336236934,0.517052375,14.33,138.8492,30.6406,0.7024,0.538,1624,0.028116279
0E,B284,2,0%,4C,1,Hg50,,0.479,0.3,0.179,,,,,,,,,,6.5,113.6122,23.3003,0.6528,0.38,1628,0
4E,B289,2,0%,4°C,3,Hg50,0.83,1.53,0.921,0.609,0.7,0.1759,0.1186,0.0573,1.3541,0.8024,0.5517,0.483136594,0.687562313,28.67,104.7937,49.9053,1.5159,1.891,1632,0.024418605
4E,B290,1,15%,4°C,3,Hg50,0.9,1.064,0.674,0.39,0.164,0.1391,0.0967,0.0424,0.9249,0.5773,0.3476,0.438469493,0.602113286,7.00,95.6611,48.9486,1.6288,1.993,1632,0.023428571
1E,B285,3,0%,4°C,1,Hg50,0.522,1.096,0.678,0.418,0.574,0.0968,0.0745,0.0223,0.9992,0.6035,0.3957,0.299328859,0.655675228,14.67,200.5667,34.4635,0.547,0.471,1635,0.039136364
1E,B290,2,0%,4°C,1,Hg50,0.569,0.983,0.65,0.333,0.414,0.0864,0.066,0.0204,0.8966,0.584,0.3126,0.309090909,0.535273973,14.67,162.7242,40.8754,0.7996,0.817,1650,0.028227273
3E,B285,5,0%,4°C,3,Hg50,0.474,1.114,0.665,0.449,0.64,0.1234,0.0847,0.0387,0.9906,0.5803,0.4103,0.45690673,0.707048079,20.67,119.9357,38.6201,1.025,0.99,1660,0.030967742
4E,Bow,1,0%,4°C,3,Hg50,0.7,1.312,0.761,0.551,0.612,0.1349,0.0951,0.0398,1.1771,0.6659,0.5112,0.418506835,0.767682835,20.67,51.4276,49.9927,3.0943,3.867,1680,0.029612903
3E,B289,5,0%,4°C,3,Hg50,0.694,1.62,1.064,0.556,0.926,0.1769,0.1353,0.0416,1.4431,0.9287,0.5144,0.307464893,0.553892538,30.67,118.0709,43.3987,1.17,1.269,1683,0.030195652
4E,B284,4,0%,4°C,3,Hg50,0.606,1.3,0.775,0.525,0.694,0.1304,0.0964,0.034,1.1696,0.6786,0.491,0.352697095,0.723548482,21.67,98.3558,49.0507,1.5874,1.947,1684,0.032030769
0E,Ant,6,0%,4C,1,Hg50,,0.521,0.308,0.213,,,,,,,,,,6.5,125.3009,23.5805,0.599,0.353,1687,0
4E,Bow,4,0%,4°C,3,Hg50,0.678,1.466,0.802,0.664,0.788,0.1477,0.0958,0.0519,1.3183,0.7062,0.6121,0.541753653,0.866751628,19.67,73.4177,51.6011,2.2372,2.886,1708,0.040067797
3E,B285,2,0%,4°C,3,Hg50,0.43,0.99,0.596,0.394,0.56,0.0946,0.0676,0.027,0.8954,0.5284,0.367,0.399408284,0.694549584,17.67,178.1604,35.8299,0.6402,0.573,1728,0.031698113
3E,B289,2,15%,4°C,3,Hg50,0.78,1.07,0.67,0.4,0.29,0.1116,0.0882,0.0234,0.9584,0.5818,0.3766,0.265306122,0.647301478,10.67,124.9227,40.2579,1.0258,1.032,1739,0.0271875
0E,B285,7,0%,4C,1,Hg50,,0.811,0.505,0.306,,,,,,,,,,15.5,127.6087,33.1875,0.8278,0.687,1739,0
1E,Bow,3,0%,4°C,1,Hg50,0.496,0.834,0.53,0.304,0.338,0.0812,0.0587,0.0225,0.7528,0.4713,0.2815,0.38330494,0.597284108,12.67,157.6469,36.0668,0.7282,0.657,1757,0.026684211
1E,Bow,2,0%,4°C,1,Hg50,0.354,0.78,0.506,0.274,0.426,0.0694,0.0549,0.0145,0.7106,0.4511,0.2595,0.264116576,0.575260474,9.67,124.2372,27.9037,0.7149,0.499,1760,0.044068966
3E,B289,2,0%,4°C,3,Hg50,0.92,1.87,1.202,0.668,0.95,0.1623,0.1255,0.0368,1.7077,1.0765,0.6312,0.293227092,0.586344635,31.67,185.6532,53.7775,0.922,1.24,1761,0.03
4E,B289,5,0%,4°C,3,Hg50,0.57,1.082,0.715,0.367,0.512,0.1205,0.0884,0.0321,0.9615,0.6266,0.3349,0.363122172,0.534471752,18.67,122.5702,39.9986,1.0387,1.039,1767,0.027428571
3E,Ant,5,0%,4°C,3,Hg50,0.525,1.139,0.674,0.465,0.614,,0.09,,,0.584,,,,18.67,95.8014,43.1418,1.4334,1.546,1777,0.032892857
0E,B290,8,0%,4C,1,Hg50,,0.771,0.45,0.321,,,,,,,,,,15.5,162.021,37.2419,0.7317,0.681,1789,0
0E,B289,6,0%,4C,1,Hg50,,0.7,0.41,0.29,,,,,,,,,,11.5,112.9604,32.2709,0.9094,0.734,1790,0
1E,B290,1,15%,4°C,1,Hg50,0.669,0.791,0.518,0.273,0.122,0.0846,0.0653,0.0193,0.7064,0.4527,0.2537,0.295558959,0.560415286,9.67,154.8135,36.8775,0.7582,0.699,1816,0.01262069
1E,Bow,1,15%,4°C,1,Hg50,0.269,0.511,0.355,0.156,0.242,0.0644,0.0504,0.014,0.4466,0.3046,0.142,0.277777778,0.466185161,5.67,136.8465,26.2648,0.6109,0.401,1845,0.042705882
1E,B290,1,0%,4°C,1,Hg50,0.614,1.012,0.655,0.357,0.398,0.0862,0.0681,0.0181,0.9258,0.5869,0.3389,0.265785609,0.577440791,13.67,169.1691,37.8852,0.7129,0.675,1855,0.029121951
0E,Bow,6,15%,4C,1,Hg50,,0.655,0.393,0.262,,,,,,,,,,6.333333333,132.2669,31.7571,0.7643,0.607,1876,0
2E,Bow,2,0%,4°C,1,Hg50,0.349,0.79,0.494,0.296,0.441,0.069,0.0518,0.0172,0.721,0.4422,0.2788,0.332046332,0.630483944,10.33,119.7825,29.7372,0.7902,0.587,1916,0.042677419
0E,B285,10,0%,4C,1,Hg50,,0.744,0.436,0.308,,,,,,,,,,14.5,142.9808,32.6298,0.7264,0.593,1930,0
0E,B289,10,0%,4C,1,Hg50,,0.95,0.583,0.367,,,,,,,,,,13.5,144.9408,37.6619,0.8271,0.779,1963,0
0E,B289,3,0%,4C,1,Hg50,,0.677,0.37,0.307,,,,,,,,,,12.5,142.8567,35.5412,0.7919,0.704,1973,0
2E,B285,1,0%,4°C,1,Hg50,0.497,1.203,0.736,0.467,0.706,0.101,0.0734,0.0276,1.102,0.6626,0.4394,0.376021798,0.663145186,13.33,104.5043,42.4871,1.2941,1.375,1982,0.05295
4E,B290,1,0%,4°C,3,Hg50,1.046,1.738,1.083,0.655,0.692,0.1821,0.1277,0.0544,1.5559,0.9553,0.6006,0.425998434,0.628703025,31.67,147.1652,62.5347,1.3526,2.115,1987,0.021852632
0E,B284,6,0%,4C,1,Hg50,,0.708,0.414,0.294,,,,,,,,,,16.5,141.7094,32.9436,0.74,0.609,1988,0
1E,B289,4,0%,4°C,1,Hg50,0.503,1.097,0.628,0.469,0.594,0.0995,0.0743,0.0252,0.9975,0.5537,0.4438,0.339165545,0.801517067,14.67,180.2587,39.6398,0.7,0.694,2003,0.0405
1E,B290,5,0%,4°C,1,Hg50,0.457,1,0.605,0.395,0.543,0.0858,0.0667,0.0191,0.9142,0.5383,0.3759,0.286356822,0.698309493,13.67,168.255,43.4776,0.8225,0.894,2017,0.039731707
3E,Ant,3,15%,4°C,3,Hg50,0.492,0.71,0.447,0.263,0.218,,0.0738,,,0.3732,,,,6.67,128.1236,54.7494,1.3602,1.862,2024,0.0327
4E,B289,4,0%,4°C,3,Hg50,0.54,1.215,0.75,0.465,0.675,0.1237,0.0893,0.0344,1.0913,0.6607,0.4306,0.385218365,0.65173301,19.67,125.6072,44.9835,1.14,1.282,2073,0.034322034
4E,B290,5,0%,4°C,3,Hg50,0.882,1.556,1.005,0.551,0.674,0.1686,0.1243,0.0443,1.3874,0.8807,0.5067,0.356395817,0.575337799,28.67,91.8169,52.8834,1.8334,2.424,2079,0.023511628
0E,B284,3,0%,4C,1,Hg50,,0.98,0.553,0.427,,,,,,,,,,6.5,148.9784,48.678,1.0401,1.266,2087,0
3E,Ant,5,15%,4°C,3,Hg50,0.453,0.5,0.27,0.23,0.047,,0.0504,,,0.2196,,,,2.67,193.1244,56.4142,0.9298,1.311,2112,0.017625
0E,B290,4,0%,4C,1,Hg50,,0.612,0.362,0.25,,,,,,,,,,8.5,128.4833,35.6238,0.8826,0.786,2120,0
4E,B290,3,15%,4°C,3,Hg50,0.832,0.98,0.588,0.392,0.148,0.1138,0.0863,0.0275,0.8662,0.5017,0.3645,0.318655852,0.726529799,8.00,148.8755,47.4192,1.0139,1.202,2129,0.0185
4E,B285,4,0%,4°C,3,Hg50,0.551,1.09,0.707,0.383,0.539,0.1184,0.0934,0.025,0.9716,0.6136,0.358,0.267665953,0.583441982,17.67,127.6616,44.993,1.1219,1.262,2136,0.030509434
2E,B290,4,0%,4°C,1,Hg50,0.389,0.941,0.506,0.435,0.552,0.0812,0.0558,0.0254,0.8598,0.4502,0.4096,0.455197133,0.909817859,12.33,107.5583,45.6633,1.3514,1.543,2138,0.044756757
3E,B289,1,0%,4°C,3,Hg50,0.845,1.87,1.202,0.668,1.025,0.1716,0.1291,0.0425,1.6984,1.0729,0.6255,0.329202169,0.582999348,31.67,210.8954,60.493,0.913,1.381,2161,0.032368421
0E,B289,1,0%,4C,1,Hg50,,1.068,0.604,0.464,,,,,,,,,,15.5,127.849,47.2083,1.1754,1.387,2222,0
0E,Bow,5,0%,4C,1,Hg50,,0.817,0.446,0.371,,,,,,,,,,12.5,127.8648,41.9219,1.0436,1.094,2229,0
3E,B289,4,0%,4°C,3,Hg50,0.403,1.03,0.65,0.38,0.627,0.078,0.057,0.021,0.952,0.593,0.359,0.368421053,0.60539629,18.67,218.2552,39.5345,0.5766,0.57,2236,0.033589286
4E,B284,1,0%,4°C,3,Hg50,0.804,1.81,1.038,0.772,1.006,0.1652,0.1196,0.0456,1.6448,0.9184,0.7264,0.381270903,0.790940767,26.67,122.2171,56.1585,1.4626,2.053,2256,0.037725
2E,B290,1,0%,4°C,1,Hg50,0.44,0.974,0.601,0.373,0.534,0.084,0.0615,0.0225,0.89,0.5395,0.3505,0.365853659,0.649675626,14.33,87.4742,43.9482,1.5992,1.757,2257,0.037255814
4E,Bow,3,0%,4°C,3,Hg50,0.622,1.323,0.76,0.563,0.701,0.1374,0.094,0.0434,1.1856,0.666,0.5196,0.461702128,0.78018018,19.67,164.0461,49.4945,0.9604,1.188,2271,0.035644068
0E,Bow,2,0%,4C,1,Hg50,,0.661,0.37,0.291,,,,,,,,,,11.5,144.6601,35.2551,0.7758,0.684,2278,0
2E,B290,5,0%,4°C,1,Hg50,0.431,0.92,0.582,0.338,0.489,0.0809,0.0571,0.0238,0.8391,0.5249,0.3142,0.416812609,0.598590208,12.33,202.6421,38.2209,0.6004,0.574,2340,0.039648649
0E,B284,5,0%,4C,1,Hg50,,1.029,0.602,0.427,,,,,,,,,,15.5,208.1424,46.9526,0.718,0.843,2361,0
3E,Ant,3,0%,4°C,3,Hg50,0.374,0.76,0.46,0.3,0.386,,0.0638,,,0.3962,,,,12.67,80.457,63.5151,2.5128,3.99,2392,0.030473684
0E,Bow,1,0%,4C,1,Hg50,,0.518,0.315,0.203,,,,,,,,,,10.5,147.1817,33.0474,0.7147,0.59,2433,0
1E,Bow,1,0%,4°C,1,Hg50,0.525,1.07,0.655,0.415,0.545,0.0834,0.0657,0.0177,0.9866,0.5893,0.3973,0.269406393,0.674189717,13.67,240.5633,47.6671,0.6307,0.752,2908,0.039878049
0E,Bow,7,0%,4C,1,Hg50,,0.92,0.5,0.42,,,,,,,,,,13.5,181.5299,51.8836,0.9098,1.18,3000,0
3E,Ant,4,0%,4°C,3,Hg50,0.415,0.876,0.49,0.386,0.461,,0.0647,,,0.4253,,,,13.67,197.1371,83.5223,1.3486,2.816,3632,0.033731707
3E,Ant,4,15%,4°C,3,Hg50,0.455,0.684,0.422,0.262,0.229,,0.0694,,,0.3526,,,,8.67,,,,,,0.026423077
3E,Bow,2,0%,4°C,3,Hg50,0.482,1.03,0.609,0.421,0.548,,0.0766,,,0.5324,,,,21.67,,,,,,0.025292308
3E,Ant,1,15%,4°C,3,Hg50,0.487,0.689,0.38,0.309,0.202,,0.0576,,,0.3224,,,,7.67,,,,,,0.026347826
3E,Ant,2,0%,4°C,3,Hg50,0.514,1.04,0.62,0.42,0.526,,0.0783,,,0.5417,,,,15.67,,,,,,0.033574468
3E,B290,2,15%,4°C,3,Hg50,0.544,0.734,0.47,0.264,0.19,,0.0678,,,0.4022,,,,9.67,,,,,,0.019655172
3E,Ant,2,15%,4°C,3,Hg50,0.549,0.768,0.484,0.284,0.219,,0.0819,,,0.4021,,,,8.67,,,,,,0.025269231
3E,Bow,1,0%,4°C,3,Hg50,0.622,1.2,0.76,0.44,0.578,,0.0858,,,0.6742,,,,20.67,,,,,,0.027967742
3E,B290,1,15%,4°C,3,Hg50,0.631,0.79,0.538,0.252,0.159,,0.081,,,0.457,,,,10.67,,,,,,0.01490625
3E,B290,4,0%,4°C,3,Hg50,0.633,1.33,0.797,0.533,0.697,,0.0858,,,0.7112,,,,22.67,,,,,,0.03075
3E,B290,5,0%,4°C,3,Hg50,0.64,1.515,0.97,0.545,0.875,,0.1162,,,0.8538,,,,27.67,,,,,,0.031626506
3E,B290,2,0%,4°C,3,Hg50,0.644,1.403,0.893,0.51,0.759,,0.0964,,,0.7966,,,,23.67,,,,,,0.032070423
3E,B290,3,0%,4°C,3,Hg50,0.659,1.422,0.863,0.559,0.763,,0.0965,,,0.7665,,,,23.67,,,,,,0.032239437
3E,Bow,4,15%,4°C,3,Hg50,0.68,0.86,0.55,0.31,0.18,,0.0746,,,0.4754,,,,6.67,,,,,,0.027
3E,Bow,5,0%,4°C,3,Hg50,0.684,1.316,0.91,0.406,0.632,,0.1043,,,0.8057,,,,26.67,,,,,,0.0237
3E,Bow,3,15%,4°C,3,Hg50,0.703,0.644,0.353,0.291,-0.059,,0.0671,,,0.2859,,,,3.67,,,,,,-0.016090909
3E,Bow,3,0%,4°C,3,Hg50,0.724,1.432,0.9,0.532,0.708,,0.1062,,,0.7938,,,,24.67,,,,,,0.028702703
3E,Bow,5,15%,4°C,3,Hg50,0.75,1.04,0.635,0.405,0.29,,0.0891,,,0.5459,,,,10.67,,,,,,0.0271875
3E,B290,5,15%,4°C,3,Hg50,0.754,0.97,0.65,0.32,0.216,,0.1122,,,0.5378,,,,12.67,,,,,,0.017052632
3E,B290,4,15%,4°C,3,Hg50,0.791,0.94,0.557,0.383,0.149,,0.0819,,,0.4751,,,,8.67,,,,,,0.017192308
3E,Bow,4,0%,4°C,3,Hg50,0.866,1.72,1.128,0.592,0.854,,0.1404,,,0.9876,,,,28.67,,,,,,0.029790698
3E,B290,3,15%,4°C,3,Hg50,0.883,1.17,0.754,0.416,0.287,,0.1049,,,0.6491,,,,12.67,,,,,,0.022657895