Genotype,rep,germinationdate,Age_one,Age_two,Group,Algae,Initalweight,WeightPreStress,Totalfreshweight,Totalshootweight,Totalrootweight,Totaldryweight,Shootdryweight,Rootdryweight,Green/yellow,Healthy/wilted
Bowman,1,16/01/2024,11,25,A,H,0.462,2.298,1.83,1.111,0.719,0.2359,0.1642,0.0717,y,w
Bowman,2,16/01/2024,10,24,A,H,0.501,2.342,1.609,0.881,0.728,0.2236,0.1431,0.0805,y,w
Bowman,3,16/01/2024,12,26,A,M,0.519,2.169,1.416,0.758,0.658,0.2129,0.1455,0.0674,y,w
Bowman,4,16/01/2024,12,26,A,H,0.462,2.273,1.454,0.802,0.652,0.2129,0.1455,0.0674,y,w
Bowman,5,16/01/2024,12,26,A,H,0.462,1.829,1.199,0.627,0.572,0.2331,0.1514,0.0817,y,w
Bowman,6,16/01/2024,12,26,A,M,0.47,1.87,1.268,0.647,0.621,0.1822,0.1148,0.0674,y,w
Bowman,7,16/01/2024,NA,NA,A,NA,0.422,0,0,0,0,0,NA,NA,y,w
Bowman,8,16/01/2024,NA,NA,A,NA,0.426,0,0,0,0,0,NA,NA,y,w
Bowman,9,16/01/2024,10,24,A,M,0.484,1.981,1.115,0.645,0.47,0.1895,0.1243,0.0652,y,w
Bowman,10,16/01/2024,NA,NA,A,NA,0.425,0,0,0,0,0,NA,NA,y,w
Bowman,11,16/01/2024,10,24,A,M,0.466,2.359,1.797,1.134,0.663,0.174,0.1223,0.0517,y,w
Bowman,12,16/01/2024,11,25,A,M,0.453,1.892,1.167,0.582,0.585,0.2485,0.1697,0.0788,y,w
Bowman,13,16/01/2024,NA,NA,A,NA,0.363,0,0,0,0,0,NA,NA,y,w
Bowman,14,16/01/2024,NA,NA,A,NA,0.41,0,0,0,0,0,NA,NA,y,w
Bowman,15,16/01/2024,10,24,A,M,0.49,2.387,1.761,1.003,0.758,0.1938,0.1244,0.0694,y,w
Bowman,16,16/01/2024,10,24,A,M,0.459,2.203,1.423,0.762,0.661,0.2202,0.1482,0.072,g/y,h/w
Bowman,17,16/01/2024,11,25,A,M,0.461,2.156,1.301,0.649,0.652,0.1551,0.0945,0.0606,y,w
Bowman,18,16/01/2024,10,24,A,M,0.489,2.458,1.978,1.133,0.845,0.244,0.1596,0.0844,g/y,h/w
Bowman,19,16/01/2024,10,24,A,M,0.505,2.511,1.954,1.276,0.678,0.2429,0.1664,0.0765,y,w
Bowman,20,16/01/2024,10,24,A,L,0.473,2.283,1.482,0.833,0.649,0.2259,0.1536,0.0723,y,w
Bowman,21,16/01/2024,11,25,A,M,0.461,2.308,1.476,0.788,0.688,0.2134,0.1383,0.0751,y,w
Bowman,22,16/01/2024,10,24,A,L,0.452,2.08,1.193,0.687,0.506,0.1938,0.1327,0.0611,y,w
Bowman,23,16/01/2024,9,23,A,NA,0.482,2.457,1.995,1.227,0.768,0.2643,0.1741,0.0902,g,h/w
Bowman,24,16/01/2024,10,24,A,L,0.495,2.401,0.902,0.508,0.394,0.2766,0.1956,0.081,g/y,h/w
Bowman,25,16/01/2024,10,24,A,M,0.47,2.281,1.745,1.069,0.676,0.2285,0.1558,0.0727,g/y,h/w
Bowman,26,16/01/2024,10,24,A,NA,0.475,1.429,0,0,0,0.1485,0.1026,0.0459,y,w
Bowman,27,16/01/2024,10,24,A,L,0.486,2.035,1.545,0.997,0.548,0.2124,0.1456,0.0668,y,w
Bowman,28,16/01/2024,NA,NA,A,L,0.572,2.143,1.685,1.016,0.669,0.215,0.143,0.072,g/y,h/w
Bowman,29,16/01/2024,NA,NA,A,L,0.573,2.315,1.379,0.832,0.547,0.2123,0.1446,0.0677,y,w
Bowman,30,16/01/2024,NA,NA,A,L,0.566,2.284,1.442,0.851,0.591,0.2004,0.1437,0.0567,y,w
Bowman,31,16/01/2024,12,26,A,M,0.461,2.097,1.653,0.997,0.656,0.2031,0.1421,0.061,g/y,h/w
Bowman,32,16/01/2024,10,24,A,L,0.461,2.392,1.424,0.793,0.631,0.2179,0.1532,0.0647,g/y,w
Bowman,33,16/01/2024,10,24,A,NA,0.43,0,0,0,0,0,NA,NA,NA,NA
Bowman,34,16/01/2024,10,24,A,M,0.511,2.201,1.423,0.762,0.661,0.2078,0.1328,0.075,y,w
Bowman,35,16/01/2024,10,24,A,L,0.454,1.888,1.235,0.769,0.466,0.187,0.1293,0.0577,y,w
Bowman,36,16/01/2024,9,23,A,NA,0.45,2.018,1.507,0.991,0.516,0.2213,0.1639,0.0574,g,h/w
Bowman,37,16/01/2024,9,23,A,NA,0.469,2.687,2.125,1.303,0.822,0.285,0.1931,0.0919,g/y,h/w
Bowman,38,16/01/2024,11,25,A,H,0.5,2.115,1.219,0.658,0.561,0.3667,0.2821,0.0846,y,w
Bowman,39,16/01/2024,NA,NA,A,NA,0.436,0,0,0,0,0,NA,NA,NA,NA
Bowman,40,16/01/2024,10,24,A,M,0.515,2.46,1.654,0.987,0.667,0.2332,0.166,0.0672,g/y,h/w
Bowman,41,16/01/2024,12,26,A,L,0.461,1.953,1.439,0.821,0.618,0.186,0.1286,0.0574,g/y,w
Bowman,42,16/01/2024,NA,NA,A,L,0.437,0,1.39,0.7,0.69,0,NA,NA,NA,NA
Bowman,43,16/01/2024,11,25,A,M,0.46,2.005,1.161,0.576,0.585,0.1914,0.1271,0.0643,y,w
Bowman,44,16/01/2024,12,26,A,L,0.501,2.667,1.321,0.765,0.556,0.1979,0.129,0.0689,y,w
Bowman,45,16/01/2024,11,25,A,M,0.483,2.007,1.693,1.022,0.671,0.2869,0.145,0.1419,g/y,h/w
Bowman,46,16/01/2024,11,25,A,NA,0.485,2.102,0,0,0,0.1986,0.1309,0.0677,y,w
Bowman,47,16/01/2024,NA,NA,A,NA,0.407,0,0,0,0,0,NA,NA,NA,NA
Bowman,48,17/01/2024,11,25,B,L,0.45,1.859,1.157,0.65,0.507,0.1819,0.1186,0.0633,y,w
Bowman,49,17/01/2024,9,23,B,L,0.461,2.251,1.618,0.922,0.696,0.2055,0.1388,0.0667,g/y,w
Bowman,50,17/01/2024,9,23,B,M,0.487,0,1.596,0.892,0.704,NA,NA,NA,NA,NA
Bowman,51,17/01/2024,10,24,B,M,0.483,1.926,1.59,0.988,0.602,0.2096,0.1408,0.0688,g/y,w
Bowman,52,17/01/2024,NA,NA,B,NA,0.31,0,0,0,0,0,NA,NA,NA,NA
Bowman,53,17/01/2024,10,24,B,M,0.507,2.253,1.529,0.801,0.728,0.2996,0.2092,0.0904,y,w
Bowman,54,17/01/2024,11,25,B,H,0.455,1.353,1.406,0.894,0.512,0.1774,0.1204,0.057,g,h/w
Bowman,55,17/01/2024,NA,NA,B,NA,0.378,0,0,0,0,0,NA,NA,NA,NA
B289,1,16/01/2024,11,25,A,M,0.452,2.214,1.46,0.807,0.653,0.2294,0.1565,0.0729,y,w
B289,2,16/01/2024,11,25,A,M,0.478,2.474,1.524,0.836,0.688,0.2448,0.1628,0.082,y,w
B289,3,16/01/2024,10,24,A,L,0.519,2.483,1.738,1.006,0.732,0.283,0.1994,0.0836,y,w
B289,4,16/01/2024,10,24,A,M,0.486,2.279,1.424,0.858,0.566,0.2239,0.1675,0.0564,y,w
B289,5,16/01/2024,10,24,A,H,0.49,2.176,1.453,0.868,0.585,0.2096,0.1556,0.054,y,w
B289,6,16/01/2024,12,26,A,H,0.481,2.111,1.813,1.145,0.668,0.2372,0.17,0.0672,g/y,w
B289,7,16/01/2024,10,24,A,L,0.481,2.679,1.641,1.084,0.557,0.2899,0.2137,0.0762,y,w
B289,8,16/01/2024,10,24,A,L,0.456,2.575,1.575,0.976,0.599,0.2528,0.1857,0.0671,y,w
B289,9,16/01/2024,NA,NA,A,NA,0.481,0,0,0,0,0,NA,NA,NA,NA
B289,10,16/01/2024,12,26,A,L,0.471,1.965,1.541,1.035,0.506,0.2559,0.1985,0.0574,g/y,h/w
B289,11,16/01/2024,10,24,A,M,0.468,2.193,1.516,0.845,0.671,0.2251,0.1548,0.0703,y,w
B289,12,16/01/2024,10,24,A,H,0.457,2.116,1.387,0.789,0.598,0.2024,0.1424,0.06,y,w
B289,13,16/01/2024,10,24,A,M,0.481,2.267,1.58,0.91,0.67,0.2139,0.1538,0.0601,y,w
B289,14,16/01/2024,9,23,A,NA,0.456,2.355,1.915,1.125,0.79,0.2711,0.1814,0.0897,g,h/w
B289,15,16/01/2024,11,25,A,N,0.478,2.129,1.314,0.718,0.596,0.217,0.15,0.067,y,w
B289,16,16/01/2024,10,24,A,N,0.501,2.141,1.448,0.845,0.603,0.2391,0.1698,0.0693,y,w
B289,17,16/01/2024,11,25,A,L,0.501,2.253,1.526,0.839,0.687,0.2463,0.1663,0.08,y,w
B289,18,16/01/2024,10,24,A,N,0.514,2.445,1.403,0.88,0.523,0.2432,0.1738,0.0694,y,w
B289,19,16/01/2024,NA,NA,A,NA,0.403,0,0,0,0,0,NA,NA,NA,NA
B289,20,16/01/2024,10,24,A,NA,0.429,2.392,1.846,1.1,0.746,0.2694,0.1818,0.0876,y,w
B289,21,16/01/2024,11,25,A,L,0.506,2.161,1.098,0.496,0.602,0.2206,0.139,0.0816,y,w
B289,22,16/01/2024,10,24,A,N,0.396,2.433,1.539,0.859,0.68,0.2324,0.1661,0.0663,y,w
B289,23,16/01/2024,10,24,A,NA,0.424,0,0,0,0,0,NA,NA,NA,NA
B289,24,16/01/2024,10,24,A,H,0.399,2.537,1.513,0.89,0.623,0.2511,0.173,0.0781,y,w
B289,25,16/01/2024,NA,NA,A,NA,0.416,0,0,0,0,0,NA,NA,NA,NA
B289,26,16/01/2024,11,25,A,N,0.51,2.121,1.327,0.719,0.608,0.2195,0.1459,0.0736,y,w
B289,27,16/01/2024,10,24,A,L,0.48,2.491,1.729,0.989,0.74,0.2477,0.1817,0.066,y,w
B289,28,16/01/2024,10,24,A,L,0.457,2.284,1.403,0.803,0.6,0.207,0.1518,0.0552,y,w
B289,29,16/01/2024,12,26,A,N,0.49,2.371,1.475,0.707,0.768,0.2338,0.1593,0.0745,g/y,w
B289,30,16/01/2024,9,23,A,NA,0.455,2.438,0.74,1.204,0.74,0.2753,0.188,0.0873,g/y,h/w
B289,31,16/01/2024,10,24,A,M,0.481,2.356,1.607,0.891,0.716,0.232,0.1544,0.0776,y,w
B289,32,16/01/2024,10,24,A,L,0.471,2.347,1.479,0.808,0.671,0.2184,0.1474,0.071,y,w
B289,33,16/01/2024,10,24,A,M,0.456,2.157,1.406,0.777,0.629,0.223,0.1474,0.0756,y,w
B289,34,16/01/2024,NA,NA,A,L,0.41,2.408,1.455,0.783,0.672,0.2208,0.1501,0.0707,y,w
B289,35,16/01/2024,12,26,A,M,0.487,2.007,1.557,0.927,0.63,0.2183,0.1493,0.069,g/y,w
B289,36,16/01/2024,11,25,A,L,0.511,2.486,1.593,0.805,0.788,0.263,0.1748,0.0882,y,w
B289,37,16/01/2024,12,26,A,L,0.465,2.05,1.23,0.657,0.573,0.1876,0.1263,0.0613,y,w
B289,38,16/01/2024,11,25,A,L,0.597,2.234,1.371,0.775,0.596,0.2081,0.144,0.0641,y,w
B289,39,16/01/2024,10,24,A,L,0.425,2.464,1.66,0.899,0.761,0.2197,0.1531,0.0666,y,w
B289,40,16/01/2024,NA,NA,A,NA,0.421,0,0,0,0,NA,NA,NA,NA,NA
B289,41,17/01/2024,NA,NA,B,NA,0.38,0,0,0,0,NA,NA,NA,NA,NA
B289,42,17/01/2024,11,25,B,M,0.474,2.34,1.904,1.171,0.733,0.2449,0.1664,0.0785,g/y,h/w
B289,43,17/01/2024,NA,NA,B,NA,0.203,0,0,0,0,NA,NA,NA,NA,NA
B289,44,17/01/2024,10,24,B,H,0.465,2.364,1.642,1.032,0.61,0.2574,0.1918,0.0656,y,w
B289,45,17/01/2024,11,25,B,M,0.483,2.226,1.46,0.836,0.624,0.2239,0.1548,0.0691,y,w
B289,46,17/01/2024,10,24,B,M,0.472,1.913,1.371,0.699,0.672,0.2153,0.1376,0.0777,y,w
B289,47,17/01/2024,NA,NA,B,NA,0.424,0,0,0,0,0,NA,NA,NA,NA
B289,48,17/01/2024,NA,NA,B,NA,0.363,0,0,0,0,0,NA,NA,NA,NA
B289,49,17/01/2024,NA,NA,B,NA,0.225,0,0,0,0,0,NA,NA,NA,NA
B290,1,16/01/2024,11,25,A,M,0.462,2.267,1.526,0.832,0.694,0.2237,0.1513,0.0724,y,w
B290,2,16/01/2024,10,24,A,N,0.491,2.429,1.515,0.971,0.544,0.2317,0.1776,0.0541,y,w
B290,3,16/01/2024,10,24,A,M,0.511,2.806,1.785,1.069,0.716,0.2814,0.1946,0.0868,y,w
B290,4,16/01/2024,9,23,A,NA,0.452,2.611,2.055,1.218,0.837,0.281,0.1847,0.0963,g/y,w
B290,5,16/01/2024,10,24,A,L,0.45,2.366,1.525,0.943,0.582,0.2207,0.1519,0.0688,y,w
B290,6,16/01/2024,10,24,A,L,0.506,2.267,1.41,0.87,0.54,0.2141,0.1605,0.0536,y,w
B290,7,16/01/2024,10,24,A,L,0.479,2.853,1.815,1.096,0.719,0.2823,0.1944,0.0879,y,w
B290,8,16/01/2024,10,24,A,L,0.577,2.327,1.628,0.939,0.689,0.2394,0.1597,0.0797,y,w
B290,9,16/01/2024,10,24,A,M,0.51,2.514,1.683,1.015,0.668,0.2224,0.1628,0.0596,y,w
B290,10,16/01/2024,12,26,A,H,0.476,2.207,1.347,0.898,0.449,0.2272,0.167,0.0602,y,w
B290,11,16/01/2024,10,24,A,N,0.528,2.327,1.568,0.976,0.592,0.2055,0.1433,0.0622,y,w
B290,12,16/01/2024,10,24,A,H,0.63,2.402,1.566,0.961,0.605,0.2271,0.1663,0.0608,y,w
B290,13,16/01/2024,10,24,A,N,0.567,2.683,1.751,1.005,0.746,0.2459,0.1672,0.0787,y,w
B290,14,16/01/2024,10,24,A,N,0.521,2.704,1.746,1.07,0.676,0.2459,0.174,0.0719,y,w
B290,15,16/01/2024,10,24,A,N,0.576,2.585,1.67,0.973,0.697,0.2367,0.1741,0.0626,y,w
B290,16,16/01/2024,10,24,A,L,0.503,2.151,1.272,0.721,0.551,0.1836,0.1266,0.057,y,w
B290,17,16/01/2024,11,25,A,H,0.531,1.987,1.188,0.697,0.491,0.2042,0.1468,0.0574,y,w
B290,18,16/01/2024,10,24,A,L,0.466,2.337,1.478,0.868,0.61,0.1847,0.1202,0.0645,y,w
B290,19,16/01/2024,10,24,A,H,0.453,2.416,1.545,0.974,0.571,0.202,0.1438,0.0582,y,w
B290,20,16/01/2024,10,24,A,H,0.476,0,1.762,0.985,0.777,0.2593,0.1685,0.0908,y,w
B290,21,16/01/2024,10,24,A,L,0.484,2.96,1.899,1.135,0.764,0.2743,0.1895,0.0848,y,w
B290,22,16/01/2024,10,24,A,L,0.461,2.531,1.662,0.998,0.664,0.2003,0.1403,0.06,y,w
B290,23,16/01/2024,11,25,A,H,0.491,2.195,1.446,0.91,0.536,0.1898,0.1243,0.0655,y,w
B290,24,16/01/2024,10,24,A,N,0.454,2.424,1.594,0.87,0.724,0.2061,0.1423,0.0638,y,w
B290,25,16/01/2024,11,25,A,H,0.467,2.339,1.509,0.918,0.591,0.2225,0.1595,0.063,y,w
B290,26,16/01/2024,10,24,A,N,0.518,2.393,1.676,1.011,0.665,0.2504,0.1723,0.0781,y,w
B290,27,16/01/2024,10,24,A,N,0.504,2.657,1.693,0.927,0.766,0.2371,0.1637,0.0734,y,w
B290,28,16/01/2024,10,24,A,H,0.511,2.603,1.649,0.947,0.702,0.2436,0.1591,0.0845,y,w
B290,29,16/01/2024,10,24,A,L,0.498,2.75,1.78,1.027,0.753,0.2839,0.1909,0.093,y,w
B290,30,16/01/2024,10,24,A,L,0.456,2.481,1.667,0.979,0.688,0.2327,0.1672,0.0655,y,w
B290,31,16/01/2024,10,24,A,N,0.486,2.539,1.644,0.881,0.763,0.2432,0.1633,0.0799,y,w
B290,32,16/01/2024,NA,NA,A,NA,0.44,0,0,0,0,0,NA,NA,y,w
B290,33,16/01/2024,11,25,A,H,0.475,2.696,1.821,1.099,0.722,NA,NA,NA,y,w
B290,34,16/01/2024,12,26,A,H,0.488,2.322,1.468,0.804,0.664,0.2105,0.1434,0.0671,y,w
B290,35,16/01/2024,11,25,A,L,0.343,2.257,1.568,0.81,0.758,0.2323,0.1456,0.0867,y,w
B290,36,16/01/2024,12,26,A,M,0.492,2.147,1.352,0.668,0.684,0.216,0.1365,0.0795,y,w
B290,37,17/01/2024,10,24,B,M,0.497,2.395,1.708,0.908,0.8,0.2722,0.1774,0.0948,y,w
B290,38,17/01/2024,11,25,B,L,0.464,2.489,1.658,0.884,0.774,0.2597,0.1801,0.0796,y,w
B290,39,17/01/2024,9,23,B,L,0.481,2.317,1.621,0.978,0.643,0.2622,0.1826,0.0796,y,w
B290,40,17/01/2024,NA,NA,B,M,0.564,2.309,1.61,0.965,0.645,0.2244,0.1508,0.0736,y,w
B290,41,17/01/2024,NA,NA,B,NA,0.428,0,0,0,0,NA,NA,NA,y,w
B290,42,17/01/2024,NA,NA,B,H,0.382,2.341,1.52,0.883,0.637,0.2486,0.1671,0.0815,y,w
B290,43,17/01/2024,11,25,B,H,0.454,2.271,1.488,0.855,0.633,0.2414,0.174,0.0674,y,w
B290,44,17/01/2024,NA,NA,B,NA,0.423,0,0,0,0,NA,NA,NA,y,w
B290,45,17/01/2024,10,24,B,H,0.497,2.677,1.713,0.965,0.748,0.2821,0.187,0.0951,y,w
B290,46,17/01/2024,11,25,B,L,0.463,2.003,1.155,0.6,0.555,0.1901,0.1204,0.0697,y,w
B290,47,17/01/2024,NA,NA,B,NA,0.232,0,0,0,0,0,NA,NA,y,w
B290,48,17/01/2024,NA,NA,B,NA,0.372,2.226,0,0,0,0,NA,NA,y,w
B290,49,17/01/2024,NA,NA,B,NA,0.262,0,0,0,0,0,NA,NA,y,w
B290,50,17/01/2024,10,24,B,H,0.487,2.591,1.737,1.057,0.68,0.259,0.1824,0.0766,y,w
B290,51,17/01/2024,10,24,B,M,0.483,2.276,1.513,0.899,0.614,0.2216,0.1583,0.0633,y,w
B290,52,17/01/2024,11,25,B,NA,0.528,2.283,0,0,0,0.224,0.1508,0.0732,y,w
B290,53,17/01/2024,10,24,B,M,0.463,2.376,1.862,1.222,0.64,0.2514,0.1741,0.0773,g/y,w
Bowman,1,07/01/2024,NA,NA,A,NA,0.362,0,0,0,0,0,NA,NA,NA,NA
Bowman,2,07/01/2024,9,23,A,NA,0.489,1.965,1.815,1.15,0.665,0.2373,0.1528,0.0845,y,w
Bowman,3,07/01/2024,NA,NA,A,NA,0.394,0,0,0,0,0,NA,NA,NA,NA
Bowman,4,07/01/2024,NA,NA,A,NA,0.377,0,0,0,0,0,NA,NA,NA,NA
Bowman,5,07/01/2024,8,22,A,NA,0.449,1.715,1.23,0.863,0.367,0.1839,0.1328,0.0511,g/y,w
Bowman,6,07/01/2024,NA,NA,A,NA,0.373,0,0,0,0,0,NA,NA,NA,NA
Bowman,7,07/01/2024,NA,NA,A,NA,0.321,0,0,0,0,0,NA,NA,NA,NA
Bowman,8,07/01/2024,9,23,A,NA,0.512,1.999,1.874,1.231,0.643,0.2518,0.166,0.0858,g/y,w
Bowman,9,07/01/2024,NA,NA,A,NA,0.261,0,0,0,0,0,NA,NA,NA,NA
Bowman,10,07/01/2024,9,23,A,NA,0.471,1.524,1.704,1.094,0.61,0.2206,0.1424,0.0782,g/y,w
Bowman,11,07/01/2024,NA,NA,A,NA,0.413,0,0,0,0,0,NA,NA,NA,NA
Bowman,12,07/01/2024,12,26,A,NA,0.452,1.122,1.329,0.818,0.511,0.1689,0.1028,0.0661,g/y,h/w
Bowman,13,07/01/2024,9,23,A,NA,0.464,1.504,1.496,1.043,0.453,0.2039,0.1448,0.0591,y,w
Bowman,14,07/01/2024,12,26,A,NA,0.451,1.549,1.804,1.172,0.632,0.2544,0.1604,0.094,g/y,h/w
Bowman,15,07/01/2024,8,22,A,NA,0.531,2.472,2.191,1.476,0.715,0.2952,0.185,0.1102,y,w
Bowman,16,07/01/2024,NA,14,A,NA,0.38,0,0,0,0,0,NA,NA,NA,NA
Bowman,17,07/01/2024,11,25,A,NA,0.462,1.571,1.689,1.074,0.615,0.252,0.1515,0.1005,g/y,h/w
Bowman,18,07/01/2024,NA,14,A,NA,0.338,0,0,0,0,0,NA,NA,NA,NA
Bowman,19,07/01/2024,10,24,A,NA,0.489,2.032,1.954,1.259,0.695,0.286,0.1718,0.1142,g/y,h/w
Bowman,20,07/01/2024,NA,14,A,NA,0.381,0,0,0,0,0,NA,NA,NA,NA
Bowman,21,07/01/2024,NA,14,A,NA,0.428,0,0,0,0,0,NA,NA,NA,NA
Bowman,22,07/01/2024,11,25,A,NA,0.45,1.388,1.649,0.937,0.712,0.258,0.1472,0.1108,y,w
Bowman,23,07/01/2024,NA,14,A,NA,0.326,0,0,0,0,0,NA,NA,NA,NA
Bowman,24,07/01/2024,10,24,A,NA,0.45,1.653,0,0,0,0,NA,NA,NA,NA
Bowman,25,07/01/2024,9,23,A,NA,0.466,1.709,1.625,0.958,0.667,0.2058,0.13,0.0758,g/y,h/w
Bowman,26,07/01/2024,8,22,A,NA,0.466,2.096,2.043,1.434,0.609,0.2622,0.1764,0.0858,g/y,h/w
Bowman,27,07/01/2024,8,22,A,NA,0.47,2.141,2.106,1.416,0.69,0.2752,0.1773,0.0979,g/y,h/w
Bowman,28,07/01/2024,NA,14,A,NA,0.35,0,0,0,0,0,NA,NA,NA,NA
Bowman,29,07/01/2024,8,22,A,NA,0.515,2.206,1.413,0.937,0.476,0.2256,0.1534,0.0722,g/y,w
Bowman,30,07/01/2024,NA,14,A,NA,0.224,0,0,0,0,0,NA,NA,NA,NA
Bowman,31,07/01/2024,NA,14,A,NA,0.243,0,0,0,0,0,NA,NA,NA,NA
Bowman,32,07/01/2024,NA,14,A,NA,0.453,0,0,0,0,0,NA,NA,NA,NA
Bowman,33,07/01/2024,NA,14,A,NA,0.358,0,0,0,0,0,NA,NA,NA,NA
Bowman,34,07/01/2024,10,24,A,NA,0.501,1.964,0,0,0,0,NA,NA,NA,NA
Bowman,35,07/01/2024,8,22,A,NA,0.459,1.866,1.125,0.711,0.414,0.1826,0.1265,0.0561,y,w
Bowman,36,07/01/2024,NA,14,A,NA,0.354,0,0,0,0,0,NA,NA,NA,NA
Bowman,37,07/01/2024,9,23,A,NA,0.478,1.352,0,0,0,0,NA,NA,NA,NA
Bowman,38,07/01/2024,NA,14,A,NA,0.337,0,0,0,0,0,NA,NA,NA,NA
Bowman,39,07/01/2024,NA,14,A,NA,0.582,0,0,0,0,0,NA,NA,NA,NA
Bowman,40,07/01/2024,NA,14,A,NA,0.409,0,0,0,0,0,NA,NA,NA,NA
Bowman,41,07/01/2024,10,24,A,NA,0.481,2.396,0,0,0,0.2987,0.1698,0.1289,y,w
Bowman,42,07/01/2024,11,25,A,NA,0.458,1.314,1.628,1.035,0.593,0.2016,0.13,0.0716,g/y,w
Bowman,43,07/01/2024,8,22,A,NA,0.451,1.862,1.139,0.674,0.465,0.1882,0.1221,0.0661,y,w
Bowman,44,07/01/2024,12,26,A,NA,0.425,1.625,1.374,0.876,0.498,0.2039,0.1348,0.0691,g/y,h/w
Bowman,45,07/01/2024,NA,14,A,NA,0.381,0,0,0,0,0,NA,NA,NA,NA
B289,1,07/01/2024,8,22,A,NA,0.461,1.554,0,0,0,0,NA,NA,NA,NA
B289,2,07/01/2024,8,22,A,NA,0.539,2.74,0,0,0,0,NA,NA,NA,NA
B289,3,07/01/2024,8,22,A,NA,0.5,1.837,1.192,0.77,0.422,0.2017,0.1357,0.066,y,w
B289,4,07/01/2024,8,22,A,NA,0.482,2.278,1.51,0.89,0.62,0.2395,0.161,0.0785,y,w
B289,5,07/01/2024,NA,14,A,NA,0.271,2.306,0,0,0,0,NA,NA,NA,NA
B289,6,07/01/2024,NA,14,A,NA,0.392,0,0,0,0,0,NA,NA,NA,NA
B289,7,07/01/2024,NA,14,A,NA,0.419,0,0,0,0,0,NA,NA,NA,NA
B289,8,07/01/2024,NA,14,A,NA,0.38,0,0,0,0,0,NA,NA,NA,NA
B289,9,07/01/2024,NA,14,A,NA,0.365,0,0,0,0,0,NA,NA,NA,NA
B289,10,07/01/2024,8,22,A,NA,0.454,1.489,1.103,0.773,0.33,0.1608,0.1188,0.042,y,w
B289,11,07/01/2024,8,22,A,NA,0.456,1.583,1.504,1.1,0.404,0.2022,0.1456,0.0566,y,w
B289,12,07/01/2024,NA,14,A,NA,0.393,0,0,0,0,0,NA,NA,NA,NA
B289,13,07/01/2024,8,22,A,NA,0.543,2.112,1.228,0.589,0.639,0.2147,0.1321,0.0826,y,w
B289,14,07/01/2024,8,22,A,NA,0.475,1.888,1.42,0.905,0.515,0.1946,0.1361,0.0585,y,w
B289,15,07/01/2024,9,23,A,NA,0.458,1.156,1.377,0.966,0.411,0.186,0.13,0.056,g,h/w
B289,16,07/01/2024,8,22,A,NA,0.543,2.499,2.336,1.601,0.735,0.2933,0.2031,0.0902,g/y,w
B289,17,07/01/2024,8,22,A,NA,0.538,1.887,1.257,0.791,0.466,0.1913,0.1343,0.057,y,w
B289,18,07/01/2024,8,22,A,NA,0.454,2.127,1.546,0.981,0.565,0.1979,0.1363,0.0616,y,w
B289,19,07/01/2024,8,22,A,NA,0.471,2.055,1.482,0.928,0.554,0.2094,0.1334,0.076,y,w
B289,20,07/01/2024,9,23,A,NA,0.491,2.089,1.839,1.123,0.716,0.2679,0.1854,0.0825,y,w
B289,21,07/01/2024,8,22,A,NA,0.506,2.04,1.491,1.027,0.464,0.223,0.153,0.07,y,w
B289,22,07/01/2024,9,23,A,NA,0.491,1.945,1.931,1.304,0.627,0.2672,0.1786,0.0886,y,w
B289,23,07/01/2024,NA,14,A,NA,0.405,0,0,0,0,0,NA,NA,NA,NA
B289,24,07/01/2024,NA,14,A,NA,0.273,0,0,0,0,0,NA,NA,NA,NA
B289,25,07/01/2024,9,23,A,NA,0.457,1.091,0,0,0,0.1688,0.1188,0.05,y,w
B289,26,07/01/2024,8,22,A,NA,0.53,1.603,0.808,0.465,0.343,0.1403,0.0853,0.055,y,w
B289,27,07/01/2024,NA,14,A,NA,0.578,0,0,0,0,0,NA,NA,NA,NA
B289,28,07/01/2024,8,22,A,NA,0.522,2.479,1.699,1.099,0.6,0.2585,0.1767,0.0818,y,w
B289,29,07/01/2024,8,22,A,NA,0.454,2.289,1.341,0.854,0.487,0.2196,0.1457,0.0739,y,w
B289,30,07/01/2024,8,22,A,NA,0.504,2.514,1.723,1.09,0.633,0.2903,0.2019,0.0884,y,w
B289,31,07/01/2024,9,23,A,NA,0.489,2.351,0,0,0,0,NA,NA,NA,NA
B289,32,07/01/2024,8,22,A,NA,0.532,2.526,1.52,0.986,0.534,0.256,0.1615,0.0945,y,w
B289,33,07/01/2024,9,23,A,NA,0.466,1.49,0,0,0,0,NA,NA,NA,NA
B289,34,07/01/2024,8,22,A,NA,0.488,2.402,1.565,0.949,0.616,0.2395,0.1602,0.0793,y,w
B289,35,07/01/2024,11,25,A,NA,0.511,1.97,1.245,0.783,0.462,0.247,0.1538,0.0932,y,w
B289,36,07/01/2024,9,23,A,NA,0.502,2.1,1.744,1.097,0.647,0.2627,0.1767,0.086,y,w
B289,37,07/01/2024,NA,14,A,NA,0.482,0,0,0,0,0,NA,NA,NA,NA
B289,38,07/01/2024,8,22,A,NA,0.53,2.364,1.445,0.897,0.548,0.2671,0.1591,0.108,y,w
B289,39,07/01/2024,11,25,A,NA,0.461,1.954,2.185,1.46,0.725,0.3311,0.2028,0.1283,g,h
B289,40,07/01/2024,8,22,A,NA,0.451,2.24,1.225,0.775,0.45,0.2124,0.1394,0.073,y,w
B289,41,07/01/2024,9,23,A,NA,0.52,2.357,2.012,1.242,0.77,0.2787,0.1865,0.0922,y,w
B289,42,07/01/2024,9,23,A,NA,0.49,1.849,1.471,0.845,0.626,0.2403,0.1599,0.0804,y,w
B289,43,07/01/2024,8,22,A,NA,0.469,2.534,1.674,1.105,0.569,0.2732,0.1827,0.0905,y,w
B289,44,07/01/2024,NA,14,A,NA,0.424,0,0,0,0,0,NA,NA,NA,NA
B289,45,07/01/2024,8,22,A,NA,0.463,2.258,1.285,0.68,0.605,0.2356,0.1451,0.0905,y,w
B289,46,07/01/2024,NA,14,A,NA,0.281,0,0,0,0,0,NA,NA,NA,NA
B290,1,07/01/2024,12,26,A,NA,0.474,2.65,2.556,1.581,0.975,0.3501,0.2196,0.1305,g/y,w
B290,2,07/01/2024,8,22,A,NA,0.473,1.75,0.886,0.511,0.375,0.2,0.1254,0.0746,y,w
B290,3,07/01/2024,8,22,A,NA,0.508,2.152,1.301,0.79,0.511,0.223,0.148,0.075,y,w
B290,4,07/01/2024,NA,14,A,NA,0.394,0,0,0,0,0,NA,NA,NA,NA
B290,5,07/01/2024,11,25,A,NA,0.458,0,2.054,1.101,0.953,0.3583,0.1771,0.1812,y,w
B290,6,07/01/2024,10,24,A,NA,0.465,1.894,1.258,0.825,0.433,0.24,0.1558,0.0842,y,w
B290,7,07/01/2024,NA,14,A,NA,0.348,0,0,0,0,0,NA,NA,NA,NA
B290,8,07/01/2024,NA,14,A,NA,0.313,0,0,0,0,0,NA,NA,NA,NA
B290,9,07/01/2024,8,22,A,NA,0.494,1.91,1.256,0.818,0.438,0.218,0.1517,0.0663,y,w
B290,10,07/01/2024,NA,14,A,NA,0.443,0,0,0,0,0,NA,NA,NA,NA
B290,11,07/01/2024,8,22,A,NA,0.466,1.461,0.719,0.428,0.291,0.1263,0.0787,0.0476,y,w
B290,12,07/01/2024,8,22,A,NA,0.49,1.627,1.412,0.965,0.447,0.2136,0.1442,0.0694,y,w
B290,13,07/01/2024,11,25,A,NA,0.468,0,1.377,0.869,0.508,0.2237,0.1351,0.0886,y,w
B290,14,07/01/2024,12,26,A,NA,0.456,1.472,1.459,1.05,0.409,0.227,0.1718,0.0552,g/y,w
B290,15,07/01/2024,9,23,A,NA,0.47,1.336,1.107,0.632,0.475,0.1993,0.1352,0.0641,y,w
B290,16,07/01/2024,10,24,A,NA,0.466,1.178,0.851,0.529,0.322,0.1696,0.1108,0.0588,y,w
B290,17,07/01/2024,NA,14,A,NA,0.329,0,0,0,0,0,NA,NA,NA,NA
B290,18,07/01/2024,8,22,A,NA,0.466,1.533,0.924,0.558,0.366,0.1497,0.0967,0.053,y,w
B290,19,07/01/2024,8,22,A,NA,0.581,0,0,0,0,0,NA,NA,NA,NA
B290,20,07/01/2024,NA,14,A,NA,0.344,0,0,0,0,0,NA,NA,NA,NA
B290,21,07/01/2024,NA,14,A,NA,0.352,0,0,0,0,0,NA,NA,NA,NA
B290,22,07/01/2024,10,24,A,NA,0.49,1.779,1.826,1.218,0.608,0.3009,0.1881,0.1128,g/y,w
B290,23,07/01/2024,12,26,A,NA,0.462,1.393,1.471,1.016,0.455,0.2337,0.1694,0.0643,g/y,w
B290,24,07/01/2024,9,23,A,NA,0.453,2.153,1.423,0.785,0.638,0.2389,0.1568,0.0821,y,w
B290,25,07/01/2024,8,22,A,NA,0.531,2.695,1.83,1.232,0.598,0.286,0.2004,0.0856,y,w
B290,26,07/01/2024,11,25,A,NA,0.466,0,1.748,1.211,0.537,0.3023,0.1966,0.1057,y,w
B290,27,07/01/2024,10,24,A,NA,0.458,1.49,1.165,0.749,0.416,0.2229,0.1451,0.0778,y,w
B290,28,07/01/2024,NA,14,A,NA,0.431,0,0,0,0,0,NA,NA,NA,NA
B290,29,07/01/2024,8,22,A,NA,0.459,1.542,1.096,0.62,0.476,0.1621,0.1055,0.0566,y,w
B290,30,07/01/2024,NA,14,A,NA,0.358,0,0,0,0,0,NA,NA,NA,NA
B290,31,07/01/2024,8,22,A,NA,0.491,1.98,1.229,0.769,0.46,0.2025,0.1402,0.0623,y,w
B290,32,07/01/2024,9,23,A,NA,0.45,1.133,1.299,0.987,0.312,0.1872,0.1417,0.0455,g/y,w
B290,33,07/01/2024,8,22,A,NA,0.531,2.581,1.902,1.232,0.67,0.2917,0.1998,0.0919,g/y,w
B290,34,07/01/2024,9,23,A,NA,0.451,1.661,1.458,0.902,0.556,0.2178,0.146,0.0718,g/y,w
B290,35,07/01/2024,NA,14,A,NA,0.389,0,0,0,0,0,NA,NA,NA,NA
B290,36,07/01/2024,9,23,A,NA,0.462,1.84,1.381,0.868,0.513,0.2193,0.1483,0.071,y,w
B290,37,07/01/2024,8,22,A,NA,0.45,1.89,1.725,1.186,0.539,0.2529,0.1698,0.0831,g/y,w
B290,38,07/01/2024,9,23,A,NA,0.452,2.17,2.069,1.276,0.793,0.2908,0.1852,0.1056,y,w
B290,39,07/01/2024,8,22,A,NA,0.472,2.33,1.459,0.936,0.523,0.2357,0.1592,0.0765,y,w
B290,40,07/01/2024,NA,14,A,NA,0.364,0,0,0,0,0,NA,NA,NA,NA
B290,41,07/01/2024,10,24,A,NA,0.483,1.532,0.981,0.593,0.388,0.1865,0.1186,0.0679,y,w
B290,42,07/01/2024,8,22,A,NA,0.56,0,0,0,0,0,NA,NA,NA,NA
Bowman,1,21/10/2023,NA,NA,A,NA,0.39,0,0,0,0,0,0,0,NA,NA
B290,1,21/10/2023,9,23,A,NA,0.45,2.28,1.417,0.857,0.56,0.2695,0.1791,0.0904,NA,NA
Bowman,3,21/10/2023,NA,NA,A,NA,0.419,0,0,0,0,0,0,0,NA,NA
Bowman,4,21/10/2023,NA,NA,A,NA,0.356,0,0,0,0,0,0,0,NA,NA
Bowman,5,21/10/2023,NA,NA,A,NA,0.405,0,0,0,0,0,0,0,NA,NA
B290,7,21/10/2023,9,23,A,NA,0.45,2.33,1.549,0.89,0.659,0.2845,0.1768,0.1077,NA,NA
Bowman,7,21/10/2023,NA,NA,A,NA,0.336,0,0,0,0,0,0,0,NA,NA
B290,10,21/10/2023,9,23,A,NA,0.453,2.32,1.321,0.799,0.522,0.267,0.1739,0.0931,NA,NA
B289,44,22/10/2023,8,22,B,NA,0.448,2.23,1.392,0.862,0.53,0.2813,0.1837,0.0976,NA,NA
Bowman,10,21/10/2023,NA,NA,A,NA,0.344,1.97,1.793,1.178,0.615,0,0,0,NA,NA
B289,62,22/10/2023,8,22,B,NA,0.485,2.44,1.475,0.812,0.663,0.2831,0.1769,0.1062,NA,NA
B290,8,21/10/2023,10,24,A,NA,0.486,2.669,1.869,1.076,0.793,0.2686,0.1869,0.0817,NA,NA
B290,20,22/10/2023,9,23,B,NA,0.484,2.882,1.889,1.173,0.716,0.3201,0.2255,0.0946,NA,NA
Bowman,14,21/10/2023,NA,NA,A,NA,0.39,0,0,0,0,0,0,0,NA,NA
B290,22,22/10/2023,9,23,B,NA,0.463,2.465,1.642,0.99,0.652,0.2661,0.1926,0.0735,NA,NA
Bowman,52,22/10/2023,9,23,B,NA,0.463,2.424,2.182,1.197,0.985,0.2903,0.1037,0.1866,NA,NA
Bowman,17,21/10/2023,NA,NA,A,NA,0.44,0,0,0,0,0,0,0,NA,NA
B289,70,22/10/2023,9,23,B,NA,0.471,2.416,1.561,0.946,0.615,0.265,0.1869,0.0781,NA,NA
Bowman,19,21/10/2023,NA,NA,A,NA,0.439,0,0,0,0,0,0,0,NA,NA
B290,3,21/10/2023,11,25,A,NA,0.473,2.519,1.595,0.996,0.599,0.2409,0.1746,0.0663,NA,NA
B290,24,22/10/2023,10,24,B,NA,0.455,2.433,1.737,0.958,0.779,0.2394,0.1712,0.0682,NA,NA
B290,30,22/10/2023,10,24,B,NA,0.48,2.76,1.764,1.06,0.704,0.2828,0.2097,0.0731,NA,NA
Bowman,35,22/10/2023,NA,NA,B,NA,0.466,2.542,2.661,1.681,0.98,0.3112,0.2037,0.1075,NA,NA
B289,43,22/10/2023,10,24,B,NA,0.459,2.375,1.958,1.185,0.773,0.2465,0.1703,0.0762,NA,NA
B289,45,22/10/2023,10,24,B,NA,0.454,1.857,1.16,0.652,0.508,0.1926,0.1324,0.0602,NA,NA
Bowman,45,22/10/2023,10,24,B,NA,0.475,2.656,2.575,1.484,1.091,0.2562,0.1792,0.077,NA,NA
Bowman,27,21/10/2023,NA,NA,A,NA,0.41,0,0,0,0,0,0,0,NA,NA
B289,58,22/10/2023,10,24,B,NA,0.466,1.816,1.208,0.7,0.508,0.1832,0.1318,0.0514,NA,NA
Bowman,29,21/10/2023,NA,NA,A,NA,0.345,0,0,0,0,0,0,0,NA,NA
Bowman,30,22/10/2023,NA,NA,A,NA,0.38,0,0,0,0,0,0,0,NA,NA
Bowman,31,22/10/2023,NA,NA,B,NA,0.401,0,0,0,0,0,0,0,NA,NA
Bowman,6,21/10/2023,12,26,A,NA,0.471,2.528,2.595,1.699,0.896,0.2982,0.2134,0.0848,NA,NA
Bowman,33,22/10/2023,NA,NA,B,NA,0.425,0,0,0,0,0,0,0,NA,NA
Bowman,8,21/10/2023,12,26,A,NA,0.515,2.51,2.407,1.557,0.85,0.2569,0.1836,0.0733,NA,NA
Bowman,9,21/10/2023,12,26,A,NA,0.479,2.51,2.569,1.792,0.777,0.25,0.1867,0.0633,NA,NA
Bowman,36,22/10/2023,NA,NA,B,NA,0.429,0,0,0,0,0,0,0,NA,NA
Bowman,37,22/10/2023,NA,NA,B,NA,0,0,0,0,0,0,0,0,NA,NA
B290,11,22/10/2023,11,25,B,NA,0.455,2.658,1.695,1.085,0.61,0.2276,0.175,0.0526,NA,NA
B290,12,22/10/2023,11,25,B,NA,0.457,2.22,1.418,0.812,0.606,0.2397,0.179,0.0607,NA,NA
Bowman,12,21/10/2023,12,26,A,NA,0.475,1.831,1.936,1.284,0.652,0.2204,0.147,0.0734,NA,NA
B290,13,22/10/2023,11,25,B,NA,0.465,2.401,1.576,0.937,0.639,0.2491,0.1707,0.0784,NA,NA
B290,16,22/10/2023,11,25,B,NA,0.525,2.846,1.932,1.125,0.807,0.2763,0.1982,0.0781,NA,NA
B290,17,22/10/2023,11,25,B,NA,0.45,1.905,1.678,1.052,0.626,0.199,0.129,0.07,NA,NA
B290,18,22/10/2023,11,25,B,NA,0.505,2.831,1.849,1.141,0.708,0.2818,0.2094,0.0724,NA,NA
B290,21,22/10/2023,11,25,B,NA,0.495,2.435,1.654,1.011,0.643,0.2309,0.1709,0.06,NA,NA
B290,23,22/10/2023,11,25,B,NA,0.459,2.24,2.04,1.4,0.64,0.2211,0.1618,0.0593,NA,NA
B290,25,22/10/2023,11,25,B,NA,0.518,2.341,1.51,0.927,0.583,0.1761,0.127,0.0491,NA,NA
B290,26,22/10/2023,11,25,B,NA,0.453,2.37,1.584,0.984,0.6,0.2079,0.1483,0.0596,NA,NA
Bowman,26,21/10/2023,12,26,A,NA,0.46,2.144,1.504,0.92,0.584,0.2168,0.1558,0.061,NA,NA
B289,31,21/10/2023,12,26,A,NA,0.47,0,2.435,1.652,0.783,0.3054,0.2234,0.082,NA,NA
B290,31,22/10/2023,11,25,B,NA,0.501,2.612,2.465,1.59,0.875,0.2809,0.2009,0.08,NA,NA
B289,32,21/10/2023,12,26,A,NA,0.478,2.039,2.174,1.387,0.787,0.2626,0.1888,0.0738,NA,NA
B290,32,22/10/2023,11,25,B,NA,0.518,2.589,2.353,1.606,0.747,0.2834,0.2117,0.0717,NA,NA
B290,35,22/10/2023,11,25,B,NA,0.463,2.952,2.875,2.001,0.874,0.3126,0.2285,0.0841,NA,NA
Bowman,38,22/10/2023,11,25,B,NA,0.466,2.433,2.271,1.35,0.921,0.2688,0.1784,0.0904,NA,NA
Bowman,39,22/10/2023,11,25,B,NA,0.51,2.441,2.7,1.804,0.896,0.3033,0.21,0.0933,NA,NA
B289,3,21/10/2023,NA,NA,A,NA,0.411,0,0,0,0,0,0,0,NA,NA
Bowman,41,22/10/2023,11,25,B,NA,0.468,2.622,2.764,1.798,0.966,0.2957,0.2037,0.092,NA,NA
B289,5,21/10/2023,13,27,A,NA,0.282,0,#VALUE!,0,0,0,0,0,NA,NA
B289,42,22/10/2023,11,25,B,NA,0.453,2.231,1.649,1.004,0.645,0.2233,0.1473,0.076,NA,NA
B289,7,21/10/2023,NA,NA,A,NA,0.433,0,0,0,0,0,0,0,NA,NA
Bowman,42,22/10/2023,11,25,B,NA,0.462,2.134,1.984,0.667,1.317,0.2213,0.1594,0.0619,NA,NA
Bowman,44,22/10/2023,11,25,B,NA,0.481,2.586,2.256,1.508,0.748,0.2565,0.1834,0.0731,NA,NA
Bowman,46,22/10/2023,11,25,B,NA,0.466,2.048,1.989,1.272,0.717,0.216,0.146,0.07,NA,NA
B289,11,21/10/2023,NA,NA,A,NA,0.4,0,0,0,0,0,0,0,NA,NA
B289,12,21/10/2023,NA,NA,A,NA,0.39,0,0,0,0,0,0,0,NA,NA
B289,13,21/10/2023,NA,NA,A,NA,0.428,0,0,0,0,0,0,0,NA,NA
B289,14,21/10/2023,NA,NA,A,NA,0.364,0,0,0,0,0,0,0,NA,NA
B289,15,21/10/2023,NA,NA,A,NA,0.246,0,#VALUE!,0,0,0,0,0,NA,NA
B289,16,21/10/2023,NA,NA,A,NA,0.41,0,0,0,0,0,0,0,NA,NA
Bowman,47,22/10/2023,11,25,B,NA,0.483,2.449,2.844,1.67,1.174,0.3421,0.2104,0.1317,NA,NA
B289,18,21/10/2023,NA,NA,A,NA,0.325,0,0,0,0,0,0,0,NA,NA
B289,19,21/10/2023,NA,NA,A,NA,0.434,0,0,0,0,0,0,0,NA,NA
B289,20,21/10/2023,NA,NA,A,NA,0.344,0,0,0,0,0,0,0,NA,NA
B289,21,21/10/2023,NA,NA,A,NA,0.412,0,0,0,0,0,0,0,NA,NA
Bowman,48,22/10/2023,11,25,B,NA,0.476,2.522,2.13,1.235,0.895,0.2371,0.1669,0.0702,NA,NA
B289,49,22/10/2023,11,25,B,NA,0.458,2.5,2.178,1.412,0.766,0.2445,0.1795,0.065,NA,NA
B289,24,21/10/2023,NA,NA,A,NA,0.403,0,0,0,0,0,0,0,NA,NA
Bowman,50,22/10/2023,11,25,B,NA,0.489,3.036,2.836,1.846,0.99,0.2762,0.1967,0.0795,NA,NA
B289,26,21/10/2023,NA,28,A,NA,0.415,0,0,0,0,0,0,0,NA,NA
B289,27,21/10/2023,NA,28,A,NA,0.342,0,0,0,0,0,0,0,NA,NA
Bowman,53,22/10/2023,11,25,B,NA,0.501,2.671,2.644,1.749,0.895,0.2686,0.1834,0.0852,NA,NA
Bowman,54,22/10/2023,11,25,B,NA,0.478,2.627,2.045,1.907,0.0975,0.2888,0.2048,0.084,NA,NA
B289,56,22/10/2023,11,25,B,NA,0.46,1.979,1.933,1.424,0.509,0.2383,0.1891,0.0492,NA,NA
B289,68,22/10/2023,11,25,B,NA,0.468,2.245,2.523,1.723,0.8,0.2827,0.2104,0.0723,NA,NA
B289,2,21/10/2023,13,27,A,NA,0.472,2.179,1.729,1.052,0.677,0.2083,0.1403,0.068,NA,NA
B289,4,21/10/2023,13,27,A,NA,0.453,2.008,1.395,0.849,0.546,0.211,0.1441,0.0669,NA,NA
B289,6,21/10/2023,13,27,A,NA,0.481,2.006,1.821,1.191,0.63,0.2477,0.1798,0.0679,NA,NA
B289,35,21/10/2023,NA,NA,A,NA,0.381,0,0,0,0,0,0,0,NA,NA
Bowman,11,21/10/2023,13,27,A,NA,0.456,2.218,1.929,1.202,0.727,0.2426,0.1778,0.0648,NA,NA
B289,37,21/10/2023,NA,NA,A,NA,0.383,0,0,0,0,0,0,0,NA,NA
B289,38,21/10/2023,NA,NA,A,NA,0.428,0,0,0,0,0,0,0,NA,NA
B290,14,22/10/2023,12,26,B,NA,0.482,2.543,2.527,1.657,0.87,0.2368,0.1522,0.0846,NA,NA
B289,40,21/10/2023,NA,NA,A,NA,0.404,0,0,0,0,0,0,0,NA,NA
B289,41,22/10/2023,NA,NA,B,NA,0,0,#VALUE!,0,0,0,0,0,NA,NA
Bowman,15,21/10/2023,13,27,A,NA,0.474,2.11,1.683,1.043,0.64,0.208,0.1498,0.0582,NA,NA
Bowman,16,21/10/2023,13,27,A,NA,0.48,2.656,2.625,1.627,0.998,0.2767,0.193,0.0837,NA,NA
B289,17,21/10/2023,13,27,A,NA,0.473,1.717,1.51,0.903,0.607,0.207,0.1414,0.0656,NA,NA
B290,19,22/10/2023,12,26,B,NA,0.475,2.299,1.613,0.956,0.657,0.2405,0.1791,0.0614,NA,NA
B289,46,22/10/2023,NA,NA,B,NA,0.294,0,0,0,0,0,0,0,NA,NA
B289,47,22/10/2023,NA,NA,B,NA,0.274,0,#VALUE!,0,0,0,0,0,NA,NA
B289,48,22/10/2023,NA,NA,B,NA,0.344,0,#VALUE!,0,0,0,0,0,NA,NA
B289,23,21/10/2023,13,27,A,NA,0.476,2.099,1.655,1.012,0.643,0.2052,0.143,0.0622,NA,NA
B289,50,22/10/2023,NA,NA,B,NA,0.266,0,0,0,0,0,0,0,NA,NA
Bowman,23,21/10/2023,13,27,A,NA,0.453,2.259,2.358,1.58,0.778,0.2568,0.1863,0.0705,NA,NA
B289,52,22/10/2023,NA,NA,B,NA,0.255,0,#VALUE!,0,0,0,0,0,NA,NA
B289,53,22/10/2023,NA,NA,B,NA,0.469,2.011,2.218,1.428,0.79,0,0,0,NA,NA
B289,54,22/10/2023,NA,NA,B,NA,0,0,#VALUE!,0,0,0,0,0,NA,NA
B289,55,22/10/2023,NA,NA,B,NA,0.402,0,0,0,0,0,0,0,NA,NA
Bowman,25,21/10/2023,13,27,A,NA,0.486,2.41,2.245,1.485,0.76,0.2467,0.1771,0.0696,NA,NA
B289,57,22/10/2023,NA,NA,B,NA,0.394,0,0,0,0,0,0,0,NA,NA
B290,28,22/10/2023,12,26,B,NA,0.492,3.095,2.087,1.211,0.876,0.2522,0.18,0.0722,NA,NA
B289,30,21/10/2023,13,27,A,NA,0.455,2.15,2.244,1.373,0.871,0.2764,0.1932,0.0832,NA,NA
B289,60,22/10/2023,NA,NA,B,NA,0.326,0,#VALUE!,0,0,0,0,0,NA,NA
B289,61,22/10/2023,NA,NA,B,NA,0.387,0,#VALUE!,0,0,0,0,0,NA,NA
B290,33,22/10/2023,12,26,B,NA,0.493,2.351,1.496,0.887,0.609,0.222,0.1639,0.0581,NA,NA
B289,63,22/10/2023,NA,NA,B,NA,0,0,#VALUE!,0,0,0,0,0,NA,NA
B289,64,22/10/2023,NA,NA,B,NA,0,0,#VALUE!,0,0,0,0,0,NA,NA
B290,34,22/10/2023,12,26,B,NA,0.48,2.965,1.972,1.204,0.768,0.3063,0.2237,0.0826,NA,NA
B289,36,21/10/2023,13,27,A,NA,0.505,0,1.861,1.26,0.601,0.2446,0.1792,0.0654,NA,NA
B289,67,22/10/2023,NA,NA,B,NA,0.438,0,0,0,0,0,0,0,NA,NA
B290,37,22/10/2023,12,26,B,NA,0.476,2.596,1.712,1.034,0.678,0.2684,0.1922,0.0762,NA,NA
B290,38,22/10/2023,12,26,B,NA,0.483,2.806,1.793,1.075,0.718,0.2675,0.2031,0.0644,NA,NA
Bowman,40,22/10/2023,12,26,B,NA,0.452,2.364,2.49,1.613,0.877,0.2676,0.1848,0.0828,NA,NA
B289,71,22/10/2023,NA,NA,B,NA,0.379,0,0,0,0,0,0,0,NA,NA
B289,72,22/10/2023,NA,NA,B,NA,0.242,0,#VALUE!,0,0,0,0,0,NA,NA
Bowman,43,22/10/2023,12,26,B,NA,0.465,2.403,2.145,1.34,0.805,0.2406,0.1704,0.0702,NA,NA
Bowman,49,22/10/2023,12,26,B,NA,0.458,2.565,2.364,1.45,0.914,0.2657,0.1849,0.0808,NA,NA
B289,51,22/10/2023,12,26,B,NA,0.453,0,#VALUE!,0,0,0,0,0,NA,NA
Bowman,51,22/10/2023,12,26,B,NA,0.472,2.575,2.783,1.791,0.992,0.2748,0.1859,0.0889,NA,NA
B290,5,21/10/2023,NA,NA,A,NA,0.383,0,0,0,0,0,0,0,NA,NA
B289,69,22/10/2023,12,26,B,NA,0.454,1.782,1.762,1.14,0.622,0.204,0.1411,0.0629,NA,NA
B289,1,21/10/2023,14,28,A,NA,0.472,1.572,1.069,0.442,0.627,0.1856,0.1373,0.0483,NA,NA
B290,2,21/10/2023,14,28,A,NA,0.495,2.098,1.363,0.767,0.596,0.1921,0.1321,0.06,NA,NA
B290,9,21/10/2023,NA,NA,A,NA,0.433,0,0,0,0,0,0,0,NA,NA
Bowman,2,21/10/2023,09/03/1976,09/03/1976,A,NA,0.459,2.441,1.552,0.89,0.662,0.2117,0.1489,0.0628,NA,NA
B290,4,21/10/2023,14,28,A,NA,0.488,1.631,1.404,0.902,0.502,0.1902,0.1383,0.0519,NA,NA
B290,6,21/10/2023,14,28,A,NA,0.474,1.79,1.671,1.19,0.481,0.1956,0.1513,0.0443,NA,NA
B289,8,21/10/2023,14,28,A,NA,0.495,1.774,1.635,0.982,0.653,0.1767,0.1034,0.0733,NA,NA
B289,9,21/10/2023,14,28,A,NA,0.488,1.848,1.119,0.68,0.439,0.186,0.1352,0.0508,NA,NA
B289,10,21/10/2023,14,28,A,NA,0.463,1.822,1.366,0.793,0.573,0.209,0.1532,0.0558,NA,NA
Bowman,13,21/10/2023,14,28,A,NA,0.45,1.846,1.78,1.106,0.674,0.2065,0.1389,0.0676,NA,NA
B290,15,22/10/2023,13,27,B,NA,0.506,2.118,1.384,0.806,0.578,0.2019,0.1383,0.0636,NA,NA
Bowman,18,21/10/2023,14,28,A,NA,0.45,2.258,1.619,0.886,0.733,0.2139,0.1487,0.0652,NA,NA
Bowman,20,21/10/2023,14,28,A,NA,0.45,1.805,1.691,1.128,0.563,0.1954,0.1452,0.0502,NA,NA
Bowman,21,21/10/2023,14,28,A,NA,0.475,2.263,1.846,1.059,0.787,0.2294,0.1592,0.0702,NA,NA
B289,22,21/10/2023,14,28,A,NA,0.451,1.666,1.096,0.67,0.426,0.1755,0.1251,0.0504,NA,NA
Bowman,22,21/10/2023,14,28,A,NA,0.45,1.853,1.635,0.982,0.653,0.1956,0.1323,0.0633,NA,NA
Bowman,24,21/10/2023,14,28,A,NA,0.461,2.202,2.015,1.254,0.761,0.2452,0.1688,0.0764,NA,NA
B289,25,21/10/2023,14,28,A,NA,0.48,1.634,1.032,0.586,0.446,0.167,0.1157,0.0513,NA,NA
B290,27,22/10/2023,13,27,B,NA,0.483,0,1.593,0.883,0.71,0.2473,0.1779,0.0694,NA,NA
B289,28,21/10/2023,14,28,A,NA,0.505,2.117,1.949,1.359,0.59,0.2174,0.161,0.0564,NA,NA
Bowman,28,21/10/2023,14,28,A,NA,0.45,2.487,1.414,0.838,0.576,0.2115,0.1604,0.0511,NA,NA
B289,29,21/10/2023,14,28,A,NA,0.45,0,0,0,0,0,0,0,NA,NA
B290,29,22/10/2023,13,27,B,NA,0.474,2.401,2.123,1.379,0.744,0.2608,0.1956,0.0652,NA,NA
Bowman,32,22/10/2023,13,27,B,NA,0.464,2.66,2.75,1.867,0.883,0.3037,0.2195,0.0842,NA,NA
B289,33,21/10/2023,14,28,A,NA,0.474,1.451,1.028,0.546,0.482,0.1934,0.123,0.0704,NA,NA
B289,34,21/10/2023,14,28,A,NA,0.523,2.628,1.546,0.934,0.612,0.2517,0.1838,0.0679,NA,NA
Bowman,34,22/10/2023,13,27,B,NA,0.483,2.505,2.445,1.6,0.845,0.2276,0.1598,0.0678,NA,NA
B290,36,22/10/2023,13,27,B,NA,0.464,2.233,1.406,0.882,0.524,0.193,0.1334,0.0596,NA,NA
B289,39,21/10/2023,14,28,A,NA,0.476,2.495,1.613,0.924,0.689,0.2238,0.1536,0.0702,NA,NA
B290,39,22/10/2023,13,27,B,NA,0.479,2.843,1.876,1.067,0.809,0.2596,0.1983,0.0613,NA,NA
B290,40,22/10/2023,13,27,B,NA,0.45,2.071,2.024,1.439,0.585,0.2438,0.1897,0.0541,NA,NA
B289,59,22/10/2023,13,27,B,NA,0.446,0,0,0,0,0,0,0,NA,NA
B289,65,22/10/2023,13,27,B,NA,0.478,0,0,0,0,0,0,0,NA,NA
B289,66,22/10/2023,13,27,B,NA,0.452,1.799,1.011,0.606,0.405,0.1825,0.134,0.0485,NA,NA
B290,41,22/10/2023,NA,NA,B,NA,0.224,0,0,0,0,0,0,0,NA,NA
B290,42,22/10/2023,NA,NA,B,NA,0.398,0,0,0,0,0,0,0,NA,NA
B289,1,23/09/2023,12,26,A,NA,0.45,2.326,1.424,0.886,0.538,0.272,0.1791,0.0929,NA,NA
B289,2,23/09/2023,10,24,A,NA,0.464,2.452,0,0,0,0.3021,0.2063,0.0958,NA,NA
B289,3,23/09/2023,NA,NA,A,NA,0.244,0,0,0,0,0,0,0,NA,NA
B289,4,23/09/2023,NA,NA,A,NA,0.593,0,0,0,0,0,0,0,NA,NA
B289,5,23/09/2023,NA,NA,A,NA,0.576,0,0,0,0,0,0,0,NA,NA
B289,6,23/09/2023,9,23,A,NA,0.455,2.616,0,0,0,0.3095,0.2035,0.106,NA,NA
B289,7,23/09/2023,NA,NA,A,NA,0.34,0,0,0,0,0,0,0,NA,NA
B289,8,23/09/2023,12,16,A,NA,0.55,2.326,1.469,0.812,0.657,0.2932,0.1817,0.1115,NA,NA
B289,9,23/09/2023,10,24,A,NA,0.471,2.721,0,0,0,0.3259,0.2138,0.1121,NA,NA
B289,10,23/09/2023,9,23,A,NA,0.451,2.58,0,0,0,0.3148,0.2193,0.0955,NA,NA
B289,11,23/09/2023,10,24,A,NA,0.503,2.397,0,0,0,0.3094,0.2193,0.0901,NA,NA
B289,12,23/09/2023,10,24,A,NA,0.475,2.521,0,0,0,0.3011,0.1879,0.1132,NA,NA
B289,13,23/09/2023,9,23,A,NA,0.502,2.615,0,0,0,0.2474,0.1492,0.0982,NA,NA
B289,14,23/09/2023,10,24,A,NA,0.48,2.633,0,0,0,0.3108,0.1944,0.1164,NA,NA
B289,15,23/09/2023,9,23,A,NA,0.503,3.166,0,0,0,0.3385,0.2321,0.1064,NA,NA
B289,16,23/09/2023,9,23,A,NA,0.512,2.816,0,0,0,0.2913,0.2161,0.0752,NA,NA
B289,17,23/09/2023,9,23,A,NA,0.514,2.498,0,0,0,0.3239,0.2131,0.1108,NA,NA
B289,18,NA,NA,NA,B,NA,0.424,2.822,0,0,0,0.3098,0.1906,0.1192,NA,NA
B289,19,24/09/2023,9,23,B,NA,0.467,2.766,0,0,0,0.3508,0.2261,0.1247,NA,NA
B289,20,24/09/2023,9,23,B,NA,0.497,3.071,0,0,0,0.2586,0.1567,0.1019,NA,NA
B289,21,24/09/2023,9,23,B,NA,0.44,0,0,0,0,0.2811,0.1938,0.0873,NA,NA
B289,22,24/09/2023,9,23,B,NA,0.508,1.769,0,0,0,0.2373,0.1697,0.0676,NA,NA
B289,23,24/09/2023,9,23,B,NA,0.496,2.81,0,0,0,0.3327,0.2197,0.113,NA,NA
B289,24,24/09/2023,8,22,B,NA,0.526,2.765,0,0,0,0.3566,0.2391,0.1175,NA,NA
B289,25,24/09/2023,NA,NA,B,NA,0.328,0,0,0,0,0,0,0,NA,NA
B289,26,24/09/2023,9,23,B,NA,0.499,2.802,0,0,0,0.2959,0.1918,0.1041,NA,NA
B289,27,24/09/2023,NA,NA,B,NA,0.396,0,0,0,0,0,0,0,NA,NA
B289,28,24/09/2023,11,25,B,NA,0.467,2.823,1.357,1.072,0.285,0.2782,0.1952,0.083,NA,NA
B289,29,24/09/2023,NA,NA,B,NA,0.182,0,0,0,0,0,0,0,NA,NA
B289,30,24/09/2023,9,23,B,NA,0.467,2.73,0,0,0,0.2721,0.193,0.0791,NA,NA
B289,31,24/09/2023,11,25,B,NA,0.506,2.636,1.332,0.972,0.36,0.2801,0.193,0.0871,NA,NA
B289,32,24/09/2023,NA,NA,B,NA,0.193,0,0,0,0,0,0,0,NA,NA
B289,33,24/09/2023,8,22,B,NA,0.467,2.776,0,0,0,0.2977,0.2138,0.0839,NA,NA
B289,34,24/09/2023,11,25,B,NA,0.542,1.734,1.651,1.187,0.464,0.2739,0.1969,0.077,NA,NA
B289,35,24/09/2023,9,23,B,NA,0.455,2.829,0,0,0,0.3131,0.2308,0.0823,NA,NA
B289,36,NA,NA,NA,B,NA,0.215,0,0,0,0,0,0,0,NA,NA
Bowman,1,23/09/2023,10,24,A,NA,0.491,2.528,0,0,0,0.2662,0.1626,0.1036,NA,NA
Bowman,2,23/09/2023,10,24,A,NA,0.45,2.338,0,0,0,0.2301,0.1507,0.0794,NA,NA
Bowman,3,23/09/2023,12,26,A,NA,0.511,2.436,1.939,1.205,0.734,0.3001,0.197,0.1031,NA,NA
Bowman,4,23/09/2023,12,26,A,NA,0.487,2.303,2.145,1.374,0.771,0.3188,0.1938,0.125,NA,NA
Bowman,5,23/09/2023,10,24,A,NA,0.471,2.898,0,0,0,0.2687,0.1919,0.0768,NA,NA
Bowman,6,23/09/2023,9,23,A,NA,0.47,2.48,0,0,0,0.2957,0.1851,0.1106,NA,NA
Bowman,7,23/09/2023,NA,NA,A,NA,0.338,0,0,0,0,0,0,0,NA,NA
Bowman,8,23/09/2023,12,26,A,NA,0.494,2.235,2.016,1.371,0.645,0.2352,0.1444,0.0908,NA,NA
Bowman,9,23/09/2023,9,23,A,NA,0.488,2.304,0,0,0,0.2937,0.1889,0.1048,NA,NA
Bowman,10,23/09/2023,10,24,A,NA,0.475,2.383,0,0,0,0.2211,0.1588,0.0623,NA,NA
Bowman,11,23/09/2023,9,23,A,NA,0.487,1.94,0,0,0,0.1955,0.1311,0.0644,NA,NA
Bowman,12,23/09/2023,12,26,A,NA,0.531,2.219,2.063,1.315,0.748,0.2912,0.185,0.1062,NA,NA
Bowman,13,23/09/2023,NA,NA,A,NA,0.439,0,0,0,0,0,0,0,NA,NA
Bowman,14,23/09/2023,NA,NA,A,NA,0.35,0,0,0,0,0,0,0,NA,NA
Bowman,15,23/09/2023,10,24,A,NA,0.569,2.408,0,0,0,0.2514,0.1711,0.0803,NA,NA
Bowman,16,23/09/2023,9,23,A,NA,0.48,2.074,0,0,0,0.2299,0.1533,0.0766,NA,NA
Bowman,17,23/09/2023,10,24,A,NA,0.478,2.468,0,0,0,0.241,0.1628,0.0782,NA,NA
Bowman,18,23/09/2023,NA,NA,A,NA,0.569,0,0,0,0,0,0,0,NA,NA
Bowman,19,23/09/2023,12,26,A,NA,0.537,2.33,1.203,0.741,0.462,0.2373,0.1512,0.0861,NA,NA
Bowman,20,23/09/2023,9,23,A,NA,0.478,2.118,0,0,0,0.2004,0.1374,0.063,NA,NA
Bowman,21,23/09/2023,10,24,A,NA,0.462,2.517,0,0,0,0.2654,0.1833,0.0821,NA,NA
Bowman,22,23/09/2023,12,26,A,NA,0.498,2.053,1.579,0.893,0.686,0.2506,0.1534,0.0972,NA,NA
Bowman,23,23/09/2023,10,24,A,NA,0.479,2.354,0,0,0,0.248,0.174,0.074,NA,NA
Bowman,24,23/09/2023,9,23,A,NA,0.522,2.275,0,0,0,0.2674,0.1641,0.1033,NA,NA
Bowman,25,23/09/2023,9,23,A,NA,0.542,2.4,0,0,0,0.3071,0.2086,0.0985,NA,NA
Bowman,26,24/09/2023,8,22,B,NA,0.454,2.515,0,0,0,0.322,0.1934,0.1286,NA,NA
Bowman,27,24/09/2023,11,25,B,NA,0.54,1.994,0.972,0.627,0.345,0.2151,0.145,0.0701,NA,NA
Bowman,28,24/09/2023,11,25,B,NA,0.476,2.089,1.81,1.206,0.604,0.275,0.1828,0.0922,NA,NA
Bowman,29,24/09/2023,9,23,B,NA,0.499,1.99,0,0,0,0.2136,0.1541,0.0595,NA,NA
Bowman,30,24/09/2023,NA,NA,B,NA,0.521,2.513,1.618,0.966,0.652,0.2738,0.1858,0.088,NA,NA
Bowman,31,24/09/2023,8,22,B,NA,0.514,2.461,0,0,0,0.2484,0.1744,0.074,NA,NA
Bowman,32,24/09/2023,9,23,B,NA,0.518,2.751,0,0,0,0.3105,0.2132,0.0973,NA,NA
Bowman,33,24/09/2023,NA,NA,B,NA,0.361,0,0,0,0,0,0,0,NA,NA
Bowman,34,24/09/2023,11,25,B,NA,0.491,1.905,1.803,1.167,0.636,0.2649,0.1689,0.096,NA,NA
Bowman,35,24/09/2023,8,22,B,NA,0.497,2.445,0,0,0,0.25,0.1673,0.0827,NA,NA
Bowman,36,24/09/2023,8,22,B,NA,0.456,2.288,0,0,0,0.2746,0.1786,0.096,NA,NA
Bowman,37,24/09/2023,11,25,B,NA,0.464,2.504,1.573,0.823,0.75,0.2878,0.1692,0.1186,NA,NA
Bowman,38,24/09/2023,11,25,B,NA,0.485,1.597,1.191,0.783,0.408,0.2338,0.1642,0.0696,NA,NA
B290,1,NA,NA,NA,A,NA,0,0,0,0,0,0,0,0,NA,NA
B290,2,NA,NA,NA,A,NA,0.154,0,0,0,0,0,0,0,NA,NA
B290,3,NA,NA,NA,A,NA,0.324,0,0,0,0,0,0,0,NA,NA
B290,4,23/09/2023,9,23,A,NA,0.515,2.625,0,0,0,0.2761,0.1981,0.078,NA,NA
B290,5,23/09/2023,10,24,A,NA,0.474,2.524,0,0,0,0.267,0.1858,0.0812,NA,NA
B290,6,23/09/2023,12,26,A,NA,0.47,1.662,0.894,0.572,0.322,0.1859,0.1265,0.0594,NA,NA
B290,7,23/09/2023,10,24,A,NA,0.468,2.115,0,0,0,0.2405,0.1583,0.0822,NA,NA
B290,8,23/09/2023,9,23,A,NA,0.463,2.072,0,0,0,0.2805,0.1839,0.0966,NA,NA
B290,9,23/09/2023,9,23,A,NA,0.483,2.92,0,0,0,0.3029,0.1866,0.1163,NA,NA
B290,10,23/09/2023,9,23,A,NA,0.5,2.241,0,0,0,0.2226,0.161,0.0616,NA,NA
B290,11,23/09/2023,9,23,A,NA,0.503,2.437,0,0,0,0.2957,0.1855,0.1102,NA,NA
B290,12,23/09/2023,12,26,A,NA,0.512,2.651,2.099,1.446,0.653,0.2922,0.1995,0.0927,NA,NA
B290,13,24/09/2023,11,25,B,NA,0.54,2.035,1.866,1.265,0.601,0.248,0.1644,0.0836,NA,NA
B290,14,24/09/2023,NA,NA,B,NA,0.419,0,0,0,0,0,0,0,NA,NA
B290,15,24/09/2023,NA,NA,B,NA,0.227,0,0,0,0,0,0,0,NA,NA
B290,16,24/09/2023,NA,NA,B,NA,0.57,0,0,0,0,0,0,0,NA,NA
B290,17,24/09/2023,NA,NA,B,NA,0.443,0,0,0,0,0,0,0,NA,NA
B290,18,24/09/2023,NA,NA,B,NA,0.375,0,0,0,0,0,0,0,NA,NA
B290,19,24/09/2023,NA,NA,B,NA,0.389,0,0,0,0,0,0,0,NA,NA
B290,20,24/09/2023,11,25,B,NA,0.542,2.564,1.56,0.916,0.644,0.325,0.2033,0.1217,NA,NA
B290,21,24/09/2023,9,23,B,NA,0.458,3.036,0,0,0,0.2997,0.1887,0.111,NA,NA
B290,22,24/09/2023,9,23,B,NA,0.195,0,0,0,0,0,0,0,NA,NA
B290,23,24/09/2023,9,23,B,NA,0.349,0,0,0,0,0,0,0,NA,NA
B290,24,24/09/2023,9,23,B,NA,0.257,0,0,0,0,0,0,0,NA,NA
B290,25,24/09/2023,9,23,B,NA,0.293,0,0,0,0,0,0,0,NA,NA
B290,26,24/09/2023,9,23,B,NA,0.507,2.881,0,0,0,0.3277,0.2165,0.1112,NA,NA
